From EU Taxonomy compass,NACE,NACE sector,TAC NACE 2021,TAC rationale,"TAC is country dependent (0 = no, 1 = yes)",TEC NACE 2021,TEC rationale,"TEC is country dependent (0 = no, 1 = yes)"
1.0,A.02,Forestry and logging,0.0,The share of Taxonomy-aligned activities within this NACE code is very small at this stage. ,0.0,n.a.,"This NACE sector is exposed to transition risk because it includes Logging (A02.20). However, it is not possible to estimate the exposure of this NACE sector to transition risk based on information available at this stage.",0
0.0,B.05,,0.0,The share of Taxonomy-aligned activities within this NACE code is 0 since the activities in this code are not eligible (not included in the Taxonomy).,0.0,1,"Revenues in this NACE sector depend entirely from extraction, manufacturing or sale of fossil fuel. ",0
0.0,B.06,,0.0,The share of Taxonomy-aligned activities within this NACE code is 0 since the activities in this code are not eligible (not included in the Taxonomy).,0.0,1,"Revenues in this NACE sector depend entirely from extraction, manufacturing or sale of fossil fuel. ",0
0.0,B.08.92,,0.0,The share of Taxonomy-aligned activities within this NACE code is 0 since the activities in this code are not eligible (not included in the Taxonomy).,0.0,1,"Revenues in this NACE sector depend entirely from extraction, manufacturing or sale of fossil fuel. ",0
0.0,B.09.1,,0.0,The share of Taxonomy-aligned activities within this NACE code is 0 since the activities in this code are not eligible (not included in the Taxonomy).,0.0,1,"Revenues in this NACE sector depend entirely from extraction, manufacturing or sale of fossil fuel. ",0
1.0,C.16 ,"Manufacture of wood and of products of wood and cork, except furniture; manufacture of articles of straw and plaiting materials",0.0,The share of Taxonomy-aligned activities within this NACE code is very small at this stage. ,0.0,0,This NACE sector does not belong to the list of sectors defined as highly exposed to transition risk.,0
1.0,C.16.23,Manufacture of other builders' carpentry and joinery,0.0,The share of Taxonomy-aligned activities within this NACE code is very small at this stage. ,0.0,0,This NACE sector does not belong to the list of sectors defined as highly exposed to transition risk.,0
1.0,C.17 ,Manufacture of paper and paper products,0.0,The share of Taxonomy-aligned activities within this NACE code is very small at this stage. ,0.0,0,This NACE sector does not belong to the list of sectors defined as highly exposed to transition risk.,0
0.0,C.19,,0.0,The share of Taxonomy-aligned activities within this NACE code is 0 since the activities in this code are not eligible (not included in the Taxonomy).,0.0,1,"Revenues in this NACE sector depend entirely from extraction, manufacturing or sale of fossil fuel. ",0
1.0,C.20.11,Manufacture of industrial gases,0.0,The share of Taxonomy-aligned activities within this NACE code is very small at this stage. ,0.0,0,This NACE sector does not belong to the list of sectors defined as highly exposed to transition risk.,0
1.0,C.20.13,Manufacture of other inorganic basic chemicals,0.05,"The threshold corresponds to the avg value of the top 10% installations (ETS approach). Assuming installations are uniformly distributed, 5% would then meet the requirements.",1.0,0.5,"The Climate DA contains DNSH criteria for this activity in Annex 2. The SH threshold corresponds to the median emission level of existing installations, hence TEC=0.5.",0
1.0,C.20.14,Manufacture of other organic basic chemicals,0.05,"The threshold corresponds to the avg value of the top 10% installations (ETS approach). Assuming installations are uniformly distributed, 5% would then meet the requirements.",1.0,0.5,"The Climate DA contains DNSH criteria for this activity in Annex 2. The SH threshold corresponds to the median emission level of existing installations, hence TEC=0.5.",0
1.0,C.20.15,Manufacture of fertilisers and nitrogen compounds,0.05,"The threshold corresponds to the avg value of the top 10% installations (ETS approach). Assuming installations are uniformly distributed, 5% would then meet the requirements.",1.0,0.5,"The Climate DA contains DNSH criteria for this activity in Annex 2. The SH threshold corresponds to the median emission level of existing installations, hence TEC=0.5.",0
1.0,C.20.16,Manufacture of plastics in primary forms,0.07,"The share of recycled plastics demand in EU is 6% (2018 data, source: https://www.europarl.europa.eu/news/en/headlines/society/20181212STO21610/plastic-waste-and-recycling-in-the-eu-facts-and-figures) and bioplastics represent 1% of all produced plastics (source: https://www.european-bioplastics.org/market/).",1.0,0.9299999999999999,Complement to 1 of TAC. The SH threshold coincides with the SC threshold (see Climate Delegated Act Annex 2). This means that activities in this NACE sector that are exposed to transition risk are all those that are not aligned.,0
1.0,C.22,Manufacture of rubber and plastic products,0.0,The share of Taxonomy-aligned activities within this NACE code is very small at this stage. ,0.0,0,This NACE sector does not belong to the list of sectors defined as highly exposed to transition risk.,0
1.0,C.23 ,Manufacture of other non-metallic mineral products,0.0,The share of Taxonomy-aligned activities within this NACE code is very small at this stage. ,0.0,0,This NACE sector does not belong to the list of sectors defined as highly exposed to transition risk.,0
1.0,C.23.11,Manufacture of flat glass,0.0,The share of Taxonomy-aligned activities within this NACE code is very small at this stage. ,0.0,0,This NACE sector does not belong to the list of sectors defined as highly exposed to transition risk.,0
1.0,C.23.2,Manufacture of refractory products,0.0,The share of Taxonomy-aligned activities within this NACE code is very small at this stage. ,0.0,0,This NACE sector does not belong to the list of sectors defined as highly exposed to transition risk.,0
1.0,C.23.31,Manufacture of ceramic tiles and flags,0.0,The share of Taxonomy-aligned activities within this NACE code is very small at this stage. ,0.0,0,This NACE sector does not belong to the list of sectors defined as highly exposed to transition risk.,0
1.0,C.23.32,"Manufacture of bricks, tiles and construction products, in baked clay",0.0,The share of Taxonomy-aligned activities within this NACE code is very small at this stage. ,0.0,0,This NACE sector does not belong to the list of sectors defined as highly exposed to transition risk.,0
1.0,C.23.43 ,Manufacture of ceramic insulators and insulating fittings,0.0,The share of Taxonomy-aligned activities within this NACE code is very small at this stage. ,0.0,0,This NACE sector does not belong to the list of sectors defined as highly exposed to transition risk.,0
1.0,C.23.51,Manufacture of cement,0.05,"The threshold corresponds to the avg value of the top 10% installations (ETS approach). Assuming installations are uniformly distributed, 5% would then meet the requirements.",1.0,0.5,"The Climate DA contains DNSH criteria for this activity in Annex 2. The SH threshold corresponds to the median emission level of existing installations, hence TEC=0.5.",0
1.0,C.23.61,Manufacture of concrete products for construction purposes,0.0,The share of Taxonomy-aligned activities within this NACE code is very small at this stage. ,0.0,0,This NACE sector does not belong to the list of sectors defined as highly exposed to transition risk.,0
1.0,C.24.1,Manufacture of basic iron and steel and of ferro-alloys,0.05,"The threshold corresponds to the avg value of the top 10% installations (ETS approach). Assuming installations are uniformly distributed, 5% would then meet the requirements.",1.0,0.5,"The Climate DA contains DNSH criteria for this activity in Annex 2. The SH threshold corresponds to the median emission level of existing installations, hence TEC=0.5.",0
1.0,C.24.2,"Manufacture of tubes, pipes, hollow profiles and related fittings, of steel",0.05,"The threshold corresponds to the avg value of the top 10% installations (ETS approach). Assuming installations are uniformly distributed, 5% would then meet the requirements.",1.0,0.5,"The Climate DA contains DNSH criteria for this activity in Annex 2. The SH threshold corresponds to the median emission level of existing installations, hence TEC=0.5.",0
1.0,C.24.31,Cold drawing of bars,0.05,"The threshold corresponds to the avg value of the top 10% installations (ETS approach). Assuming installations are uniformly distributed, 5% would then meet the requirements.",1.0,0.5,"The Climate DA contains DNSH criteria for this activity in Annex 2. The SH threshold corresponds to the median emission level of existing installations, hence TEC=0.5.",0
1.0,C.24.32,Cold rolling of narrow strip,0.05,"The threshold corresponds to the avg value of the top 10% installations (ETS approach). Assuming installations are uniformly distributed, 5% would then meet the requirements.",1.0,0.5,"The Climate DA contains DNSH criteria for this activity in Annex 2. The SH threshold corresponds to the median emission level of existing installations, hence TEC=0.5.",0
1.0,C.24.33,Cold forming or folding,0.05,"The threshold corresponds to the avg value of the top 10% installations (ETS approach). Assuming installations are uniformly distributed, 5% would then meet the requirements.",1.0,0.5,"The Climate DA contains DNSH criteria for this activity in Annex 2. The SH threshold corresponds to the median emission level of existing installations, hence TEC=0.5.",0
1.0,C.24.34,Cold drawing of wire,0.05,"The threshold corresponds to the avg value of the top 10% installations (ETS approach). Assuming installations are uniformly distributed, 5% would then meet the requirements.",1.0,0.5,"The Climate DA contains DNSH criteria for this activity in Annex 2. The SH threshold corresponds to the median emission level of existing installations, hence TEC=0.5.",0
1.0,C.24.42,Aluminium production,0.05,"The threshold corresponds to the avg value of the top 10% installations (ETS approach). Assuming installations are uniformly distributed, 5% would then meet the requirements.",1.0,0.5,"The Climate DA contains DNSH criteria for this activity in Annex 2. The SH threshold corresponds to the median emission level of existing installations, hence TEC=0.5.",0
1.0,C.24.51,Casting of iron,0.05,"The threshold corresponds to the avg value of the top 10% installations (ETS approach). Assuming installations are uniformly distributed, 5% would then meet the requirements.",1.0,0.5,"The Climate DA contains DNSH criteria for this activity in Annex 2. The SH threshold corresponds to the median emission level of existing installations, hence TEC=0.5.",0
1.0,C.24.52,Casting of steel,0.05,"The threshold corresponds to the avg value of the top 10% installations (ETS approach). Assuming installations are uniformly distributed, 5% would then meet the requirements.",1.0,0.5,"The Climate DA contains DNSH criteria for this activity in Annex 2. The SH threshold corresponds to the median emission level of existing installations, hence TEC=0.5.",0
1.0,C.24.53,Casting of light metals,0.05,"The threshold corresponds to the avg value of the top 10% installations (ETS approach). Assuming installations are uniformly distributed, 5% would then meet the requirements.",1.0,0.5,"The Climate DA contains DNSH criteria for this activity in Annex 2. The SH threshold corresponds to the median emission level of existing installations, hence TEC=0.5.",0
1.0,C.25,"Manufacture of fabricated metal products, except machinery and equipment",0.0,The share of Taxonomy-aligned activities within this NACE code is very small at this stage. ,0.0,0,This NACE sector does not belong to the list of sectors defined as highly exposed to transition risk.,0
1.0,C.25.11 ,Manufacture of metal structures and parts of structures,0.0,The share of Taxonomy-aligned activities within this NACE code is very small at this stage. ,0.0,0,This NACE sector does not belong to the list of sectors defined as highly exposed to transition risk.,0
1.0,C.25.12 ,Manufacture of doors and windows of metal,0.0,The share of Taxonomy-aligned activities within this NACE code is very small at this stage. ,0.0,0,This NACE sector does not belong to the list of sectors defined as highly exposed to transition risk.,0
1.0,C.25.21,Manufacture of central heating radiators and boilers,0.0,The share of Taxonomy-aligned activities within this NACE code is very small at this stage. ,0.0,0,This NACE sector does not belong to the list of sectors defined as highly exposed to transition risk.,0
1.0,C.25.29,"Manufacture of other tanks, reservoirs and containers of metal",0.0,The share of Taxonomy-aligned activities within this NACE code is very small at this stage. ,0.0,0,This NACE sector does not belong to the list of sectors defined as highly exposed to transition risk.,0
1.0,C.25.93,"Manufacture of wire products, chain and springs",0.0,The share of Taxonomy-aligned activities within this NACE code is very small at this stage. ,0.0,0,This NACE sector does not belong to the list of sectors defined as highly exposed to transition risk.,0
1.0,C.26,"Manufacture of computer, electronic and optical products",0.0,The share of Taxonomy-aligned activities within this NACE code is very small at this stage. ,0.0,0,This NACE sector does not belong to the list of sectors defined as highly exposed to transition risk.,0
1.0,C.27,Manufacture of electrical equipment,0.0,The share of Taxonomy-aligned activities within this NACE code is very small at this stage. ,0.0,0,This NACE sector does not belong to the list of sectors defined as highly exposed to transition risk.,0
1.0,C.27 ,Manufacture of electrical equipment,0.0,The share of Taxonomy-aligned activities within this NACE code is very small at this stage. ,0.0,0,This NACE sector does not belong to the list of sectors defined as highly exposed to transition risk.,0
1.0,C.27.2,Manufacture of batteries and accumulators,1.0,This sector maps entirely to a Taxonomy-aligned activity (3.4),0.0,0,This NACE sector is not exposed to transition risk (see TAC).,0
1.0,C.27.31,Manufacture of fibre optic cables,0.0,The share of Taxonomy-aligned activities within this NACE code is very small at this stage. ,0.0,0,This NACE sector does not belong to the list of sectors defined as highly exposed to transition risk.,0
1.0,C.27.32,Manufacture of other electronic and electric wires and cables,0.0,The share of Taxonomy-aligned activities within this NACE code is very small at this stage. ,0.0,0,This NACE sector does not belong to the list of sectors defined as highly exposed to transition risk.,0
1.0,C.27.33,Manufacture of wiring devices,0.0,The share of Taxonomy-aligned activities within this NACE code is very small at this stage. ,0.0,0,This NACE sector does not belong to the list of sectors defined as highly exposed to transition risk.,0
1.0,C.27.4,Manufacture of electric lighting equipment,0.0,The share of Taxonomy-aligned activities within this NACE code is very small at this stage. ,0.0,0,This NACE sector does not belong to the list of sectors defined as highly exposed to transition risk.,0
1.0,C.27.51,Manufacture of electric domestic appliances,0.0,The share of Taxonomy-aligned activities within this NACE code is very small at this stage. ,0.0,0,This NACE sector does not belong to the list of sectors defined as highly exposed to transition risk.,0
1.0,C.28,Manufacture of machinery and equipment n.e.c.,0.0,The share of Taxonomy-aligned activities within this NACE code is very small at this stage. ,0.0,0,This NACE sector does not belong to the list of sectors defined as highly exposed to transition risk.,0
1.0,C.28 ,Manufacture of machinery and equipment n.e.c.,0.0,The share of Taxonomy-aligned activities within this NACE code is very small at this stage. ,0.0,0,This NACE sector does not belong to the list of sectors defined as highly exposed to transition risk.,0
1.0,C.28.11,"Manufacture of engines and turbines, except aircraft, vehicle and cycle engines",0.0,The share of Taxonomy-aligned activities within this NACE code is very small at this stage. ,0.0,0,This NACE sector does not belong to the list of sectors defined as highly exposed to transition risk.,0
1.0,C.28.12,Manufacture of fluid power equipment,0.0,The share of Taxonomy-aligned activities within this NACE code is very small at this stage. ,0.0,0,This NACE sector does not belong to the list of sectors defined as highly exposed to transition risk.,0
1.0,C.28.13,Manufacture of other pumps and compressors,0.0,The share of Taxonomy-aligned activities within this NACE code is very small at this stage. ,0.0,0,This NACE sector does not belong to the list of sectors defined as highly exposed to transition risk.,0
1.0,C.28.14,Manufacture of other taps and valves,0.0,The share of Taxonomy-aligned activities within this NACE code is very small at this stage. ,0.0,0,This NACE sector does not belong to the list of sectors defined as highly exposed to transition risk.,0
1.0,C.29.1,Manufacture of motor vehicles,0.022113687136430214,"Share of Battery Electric Vehicles (hybrid plug-in do not qualify) produced in EU (2019 data, source European Environment Agency: “Monitoring of CO2 Emissions from Passenger Cars – Regulation (EU) 2019/631 —European Environment Agency,” Data, June 26, 2020, https://www.eea.europa.eu/data-and-maps/daviz/new-electric-vehicles-in-eu/#tab-chart_2).",1.0,0.9653596708429052,"Share of ICE vehicles produced in EU (2019 data, source European Environment Agency: “Monitoring of CO2 Emissions from Passenger Cars – Regulation (EU) 2019/631 —European Environment Agency,” Data, June 26, 2020, https://www.eea.europa.eu/data-and-maps/daviz/new-electric-vehicles-in-eu/#tab-chart_2).",0
1.0,C.30.1,Building of ships and boats,0.0,Share of hybrid and dual fuel vessels using at least 50 % of their energy from zero direct (tailpipe) CO2 emission fuels or plug-in power for their normal operation is negligible,0.0,1,Complement to 1 of TAC,0
1.0,C.30.2,Manufacture of railway locomotives and rolling stock,0.562429861685148,"Share of Electrified railway lines over total (2019 data, source Eurostat: https://ec.europa.eu/eurostat/databrowser/view/RAIL_IF_LINE_NA__custom_1160037/default/table?lang=en). This is a conservative TAC, as new railways will arguably be electrified or bimodal.",1.0,0.43757013831485203,Complement to 1 of TAC,0
0.0,C.30.3,,0.0,The share of Taxonomy-aligned activities within this NACE code is 0 since the activities in this code are not eligible (not included in the Taxonomy).,0.0,1,There are technological challenges to the transition to low-carbon fuels for this type of transport. ,0
0.0,C.30.4,,0.0,The share of Taxonomy-aligned activities within this NACE code is 0 since the activities in this code are not eligible (not included in the Taxonomy).,0.0,1,There are technological challenges to the transition to low-carbon fuels for this type of transport. ,0
1.0,C.30.9,Manufacture of transport equipment n.e.c.,0.0,The share of Taxonomy-aligned activities within this NACE code is very small at this stage. ,0.0,1,Complement to 1 of TAC,0
1.0,C.33.12,Repair of machinery,0.0,The share of Taxonomy-aligned activities within this NACE code is very small at this stage. ,0.0,0,This NACE sector does not belong to the list of sectors defined as highly exposed to transition risk.,0
1.0,C.33.15,Repair and maintenance of ships and boats,0.0,The share of Taxonomy-aligned activities within this NACE code is very small at this stage. ,0.0,1,Complement to 1 of TAC,0
1.0,C.33.15,Repair and maintenance of ships and boats,0.0,The share of Taxonomy-aligned activities within this NACE code is very small at this stage. ,0.0,1,Complement to 1 of TAC,0
0.0,C.33.16,,0.0,The share of Taxonomy-aligned activities within this NACE code is 0 since the activities in this code are not eligible (not included in the Taxonomy).,0.0,1,This NACE sector inherits the TEC of NACE sector H.51.,0
1.0,C.33.17,Repair and maintenance of other transport equipment,0.0,The share of Taxonomy-aligned activities within this NACE code is very small at this stage. ,0.0,1,Complement to 1 of TAC,0
1.0,D.35.11,Production of electricity,0.3461664409569832,"Share of the production of electricity and derived heat from renewable sources in the EU (2019 data, source Eurostat: https://ec.europa.eu/eurostat/databrowser/view/NRG_BAL_PEH__custom_1160933/default/table?lang=en)",1.0,0.39,"Share of the production of electricity and derived heat from fossil fuels in the EU (2019 data, source Eurostat: https://ec.europa.eu/eurostat/databrowser/view/NRG_BAL_PEH__custom_1160933/default/table?lang=en)",0
1.0,D.35.12,Transmission of electricity,1.0,"The interconnected European System of transmission and distribution of electricity meets the criteria (source: JRC study). The only portion of the activity that is not aligned are those related to the direct connection of carbon intensive power plants to the grid. At this stage, we are not able to provide an estimate for this portion, which is expected to be small compared to the whole activity (also in terms of Km of transmission lines). Therefore, we set the TAC to 100%.",0.0,0,Complement to 1 of TAC.,0
1.0,D.35.13,Distribution of electricity,1.0,"The interconnected European System of transmission and distribution of electricity meets the criteria defined in the column 'Metrics and Threshold"" (source: JRC study). The only portion of the activity that is not aligned are those related to the direct connection from e.g. carbon intensive power plants to the grid. At this stage, we are not able to provide an estimate for this portion, which is expected to be small compared to the whole activity (also in terms of Km of transmission lines). Therefore, in 2020 we set the TAC to 100%.",0.0,0,Complement to 1 of TAC.,0
0.0,D.35.2,,0.0,The share of Taxonomy-aligned activities within this NACE code is 0 since the activities in this code are not eligible (not included in the Taxonomy).,0.0,1,This NACE code contains 4 digit codes with TEC 0.99 and 1. We thus take the maximum. ,0
1.0,D.35.21,Manufacture of gas,0.01,"""Currently, biogas and biomethane projects represent only a small fraction of total global spending on gas. Investments have averaged less than USD 4 billion per year over the last decade, the same amount the natural gas industry typically spends every week. In the STEPS, annual spending on biogas and biomethane rises more than threefold to reach around USD 14 billion by 2040. [...] The share of biomethane and biogas in total investment spending on gas remains well below 5%"" (2020 data, source IEA:https://iea.blob.core.windows.net/assets/03aeb10c-c38c-4d10-bcec-de92e9ab815f/Outlook_for_biogas_and_biomethane.pdf)",1.0,0.99,"Complement to 1 of TAC. The revenues of this NACE sector currently depend almost entirely from extraction, manufacturing or sale of fossil fuel. ",0
1.0,D.35.22,Distribution of gaseous fuels through mains,0.0,The share of low-carbon gases is currently negligible.,0.0,1,"Complement to 1 of TAC. The revenues of this NACE sector currently depend almost entirely from extraction, manufacturing or sale of fossil fuel. ",0
1.0,D.35.3,Steam and air conditioning supply,0.21,"Renewable energy (incl. derived heat) accounts for 21% of the total energy used for heating and cooling in the European Union (EU) (2018 data, source Eurostat: https://ec.europa.eu/eurostat/web/products-eurostat-news/-/ddn-20200211-1).
For the TAC activity, we make following considerations. ‘Efficient district heating and cooling’ means a district heating or cooling system using at least 50 % renewable energy, 50 % waste heat, 75 % cogenerated heat or 50 % of a combination of such energy and heat (Directive 2012/27/EU). In 2018, renewable energy (incl. derived heat) accounted for 21% of the total energy used for heating and cooling in the European Union (EU) (souce Eurostat: https://ec.europa.eu/eurostat/web/products-eurostat-news/-/ddn-20200211-1). The TAC of the activity corresponds to the mean between the following two scenarios: 1) aligned installations are all using a share of 100% renewables, in this case the TAC would be 21%, and 2) aligned installations are all using a share of 50% renewables, in this case the TAC would be 42%. The resulting TAC activity is (21%+42%)/2 = 31.5%.
",1.0,0.39,"Share of the production of electricity and derived heat from fossil fuels in the EU (2019 data, source Eurostat: https://ec.europa.eu/eurostat/databrowser/view/NRG_BAL_PEH__custom_1160933/default/table?lang=en)",0
1.0,E.36,"Water collection, treatment and supply",0.0,The share of Taxonomy-aligned activities within this NACE code is very small at this stage. ,0.0,0,This NACE sector does not belong to the list of sectors defined as highly exposed to transition risk.,0
1.0,E.37,Sewerage,0.0,The share of Taxonomy-aligned activities within this NACE code is very small at this stage. ,0.0,0,This NACE sector does not belong to the list of sectors defined as highly exposed to transition risk.,0
1.0,E.38.11,Collection of non-hazardous waste,0.379,"The share of recycled waste in the EU is 37.9 % (2018 data, source Eurostat: https://ec.europa.eu/eurostat/statistics-explained/index.php?title=Waste_statistics)",1.0,0,This NACE sector does not belong to the list of sectors defined as highly exposed to transition risk.,0
1.0,E.38.21,Treatment and disposal of non-hazardous waste,0.022,"The total waste generated in the EU amounted to 2 337 million tonnes in 2018 (source Eurostat: https://ec.europa.eu/eurostat/statistics-explained/index.php?title=Waste_statistics). Across the EU, between 118 and 138 million tons of bio-waste arise annually, of which currently only about 40% is effectively recycled into high-quality compost and digestate (source: https://www.compostnetwork.info/policy/biowaste-in-europe). Hence, a TAC of 0.022.",1.0,0,This NACE sector does not belong to the list of sectors defined as highly exposed to transition risk.,0
1.0,E.38.32,Recovery of sorted materials,1.0,This sector maps entirely to Taxonomy-aligned activities (3.4 and 5.9),0.0,0,This NACE sector is not exposed to transition risk (see TAC).,0
1.0,E.39,Remediation activities and other waste management services,0.0,The share of Taxonomy-aligned activities within this NACE code is very small at this stage. ,0.0,0,This NACE sector does not belong to the list of sectors defined as highly exposed to transition risk.,0
1.0,F.41 ,Construction of buildings,0.4,"The TAC for NACE F41  is conservatively set equal to the lower between the TAC Activity for construction of new buildings and the TAC Activity for renovation of existing buildings. 
To estimate the TAC Activity for renovation, we define the following two measures: Old Net Primary Energy Demand (oldNPED) and New Net Primary Energy Demand (newNPED), which refer to the NPED of the building abefore and after renovation, respectively.  It follows that the improvement of NPED called imprNPED = - (newNPED - oldNPED)/oldNPED. We assume that imprNPED is uniformly distributed between 0% and 50%. An activity is Taxonomy aligned if the imprNPED of the renovated building is at least 30%. It follows that TAC Activity = (0.5 - 0.3)/0.5 =  40%. 
",0.0,0,"The SH threshold in the Climate DA Annex 2 is the NZEB requirement, which is mandatory for new buildings.",0
1.0,F.41.1,Development of building projects,0.4,"The TAC for NACE F41 is conservatively set equal to the lower between the TAC Activity for construction of new buildings and the TAC Activity for renovation of existing buildings. 
The TAC Activity for new buildings is estimated as follows. An activity is Taxonomy aligned if the NPED of the new construction is at least 10% lower than the NZEB. We assume that the metric used, i.e. net Primary Energy Demand (NPED), which measures energy efficiency of new buildings,  is uniformly distributed between 50% and 100% of the Near Zero-Energy Buildings (NZEB) requirements (expressed in kWh/m2). Under this assumption it follows that TAC = (0.9 - 0.5)/0.5 =  80%.",0.0,0,This NACE sector does not belong to the list of sectors defined as highly exposed to transition risk.,0
1.0,F.41.2,Construction of residential and non-residential buildings,0.4,"The TAC for NACE F41 is conservatively set equal to the lower between the TAC Activity for construction of new buildings and the TAC Activity for renovation of existing buildings. 
The TAC Activity for new buildings is estimated as follows. An activity is Taxonomy aligned if the NPED of the new construction is at least 10% lower than the NZEB. We assume that the metric used, i.e. net Primary Energy Demand (NPED), which measures energy efficiency of new buildings,  is uniformly distributed between 50% and 100% of the Near Zero-Energy Buildings (NZEB) requirements (expressed in kWh/m2). Under this assumption it follows that TAC = (0.9 - 0.5)/0.5 =  80%.",0.0,0,"The SH threshold in the Climate DA Annex 2 is the NZEB requirement, which is mandatory for new buildings.",0
1.0,F.41.2 ,Construction of residential and non-residential buildings,0.4,"The TAC for NACE F41 is conservatively set equal to the lower between the TAC Activity for construction of new buildings and the TAC Activity for renovation of existing buildings. 
The TAC Activity for new buildings is estimated as follows. An activity is Taxonomy aligned if the NPED of the new construction is at least 10% lower than the NZEB. We assume that the metric used, i.e. net Primary Energy Demand (NPED), which measures energy efficiency of new buildings,  is uniformly distributed between 50% and 100% of the Near Zero-Energy Buildings (NZEB) requirements (expressed in kWh/m2). Under this assumption it follows that TAC = (0.9 - 0.5)/0.5 =  80%.",0.0,0,"The SH threshold in the Climate DA Annex 2 is the NZEB requirement, which is mandatory for new buildings.",0
1.0,F.42 ,Civil engineering,0.0,The share of Taxonomy-aligned activities within this NACE code is very small at this stage. ,0.0,0,This NACE sector does not belong to the list of sectors defined as highly exposed to transition risk.,0
1.0,F.42.11 ,Construction of roads and motorways,0.0,The share of Taxonomy-aligned activities within this NACE code is very small at this stage. ,0.0,1,This NACE sector inherits the TEC of NACE sector H.49.31.,0
1.0,F.42.12,Construction of railways and underground railways,0.562429861685148,"Share of Electrified railway lines over total (2019 data, source Eurostat: https://ec.europa.eu/eurostat/databrowser/view/RAIL_IF_LINE_NA__custom_1160037/default/table?lang=en). This is a conservative TAC, as new railways will arguably be electrified or bimodal.",1.0,0.43757013831485203,Complement to 1 of TAC.,0
1.0,F.42.13 ,Construction of bridges and tunnels,0.036485788706938325,"Length of electrified railways over total length of tracks and roads (2019 data, source Eurostat: https://ec.europa.eu/eurostat/web/transport/data/database?p_p_id=NavTreeportletprod_WAR_NavTreeportletprod_INSTANCE_yjUOJMEUlFPI&p_p_lifecycle=0&p_p_state=normal&p_p_mode=view). This is a conservative TAC, as new railways will arguably be electrified or bimodal.",1.0,0.9635142112930617,Complement to 1 of TAC.,0
1.0,F.42.21,Construction of utility projects for fluids,0.0,The share of low-carbon gases is currently negligible.,0.0,0,This NACE sector does not belong to the list of sectors defined as highly exposed to transition risk.,0
1.0,F.42.22,Construction of utility projects for electricity and telecommunications,0.25563763826841995,The share of gross fixed capital formation (GFCF) in the electricity sector is 0.74 of the total GFCF in the elctricity and communication sectors taken together. The TAC for NACE F42.22 is obtained by multiplying this share by the share of renewables in electricity production (TAC for NACE D35.11).,1.0,0.29,The share of gross fixed capital formation (GFCF) in the electricity sector is 0.74 of the total GFCF in the elctricity and communication sectors taken together. The TEC for NACE F42.22 is obtained by multiplying this share by the share of electricity production based on fossil fuels (TEC for NACE D35.11),0
1.0,F.42.91,Construction of water projects,0.0,The share of Taxonomy-aligned activities within this NACE code is very small at this stage. ,0.0,0,This NACE sector does not belong to the list of sectors defined as highly exposed to transition risk.,0
1.0,F.42.99,Construction of other civil engineering projects n.e.c.,0.0,The share of Taxonomy-aligned activities within this NACE code is very small at this stage. ,0.0,0,This NACE sector does not belong to the list of sectors defined as highly exposed to transition risk.,0
1.0,F.43,Specialised construction activities,0.4,"The TAC for NACE F43 is conservatively set equal to the lower between the TAC Activity for construction of new buildings and the TAC Activity for renovation of existing buildings. 
The TAC Activity for new buildings is estimated as follows. An activity is Taxonomy aligned if the NPED of the new construction is at least 10% lower than the NZEB. We assume that the metric used, i.e. net Primary Energy Demand (NPED), which measures energy efficiency of new buildings,  is uniformly distributed between 50% and 100% of the Near Zero-Energy Buildings (NZEB) requirements (expressed in kWh/m2). Under this assumption it follows that TAC = (0.9 - 0.5)/0.5 =  80%.",0.0,0,This NACE sector does not belong to the list of sectors defined as highly exposed to transition risk.,0
1.0,F.43.21 ,Electrical installation,0.0,The share of Taxonomy-aligned activities within this NACE code is very small at this stage. ,0.0,0,This NACE sector does not belong to the list of sectors defined as highly exposed to transition risk.,0
1.0,F.43.22,"Plumbing, heat and air-conditioning installation",0.12,Heatpumps represent 12% of installed heating and cooling units in the EU (source EC study: https://ec.europa.eu/energy/sites/default/files/documents/mapping-hc-excecutivesummary.pdf),1.0,0,This NACE sector does not belong to the list of sectors defined as highly exposed to transition risk.,0
0.0,G.45,,0.0,"Share of Battery Electric Vehicles (hybrid plug-in do not qualify) produced in EU (2019 data, source European Environment Agency: “Monitoring of CO2 Emissions from Passenger Cars – Regulation (EU) 2019/631 —European Environment Agency,” Data, June 26, 202",0.0,0.98,Complement to 1 of TAC of related code C29.10 Manufacturing of motor vehicles,0
0.0,G.46.71,,0.0,The share of Taxonomy-aligned activities within this NACE code is 0 since the activities in this code are not eligible (not included in the Taxonomy).,0.0,1,"Revenues in this NACE sector depend entirely from extraction, manufacturing or sale of fossil fuel. ",0
0.0,G.47.3,,0.0,The share of Taxonomy-aligned activities within this NACE code is 0 since the activities in this code are not eligible (not included in the Taxonomy).,0.0,1,"Revenues in this NACE sector currently depend entirely from extraction, manufacturing or sale of fossil fuel. ",0
1.0,H.49.10,"Passenger rail transport, interurban",0.562429861685148,"Share of Electrified railway lines over total (2019 data, source Eurostat: https://ec.europa.eu/eurostat/databrowser/view/RAIL_IF_LINE_NA__custom_1160037/default/table?lang=en)",1.0,0.43757013831485203,Complement to 1 of TAC.,0
1.0,H.49.20,Freight rail transport,0.562429861685148,"Share of Electrified railway lines over total (2019 data, source Eurostat: https://ec.europa.eu/eurostat/databrowser/view/RAIL_IF_LINE_NA__custom_1160037/default/table?lang=en)",1.0,0.43757013831485203,Complement to 1 of TAC.,0
1.0,H.49.31,Urban and suburban passenger land transport,0.018560177062249095,"Share of electric buses and trams over total buses and trams (2019 data, source Eurostat: https://ec.europa.eu/eurostat/web/transport/data/database)",1.0,0.9814398229377509,Complement to 1 of TAC.,0
1.0,H.49.32,Taxi operation,0.0025114910477356893,"Share of Electric Vehicles (plug-in hybrid electric vehicles do not meet the criteria) over total stock of passenger cars in the EU (2019 data, source Eurostat: https://appsso.eurostat.ec.europa.eu/nui/submitViewTableAction.do)",1.0,0.9974885089522643,Complement to 1 of TAC.,0
1.0,H.49.39,Other passenger land transport n.e.c.,0.0025114910477356893,"Share of Electric Vehicles (plug-in hybrid electric vehicles do not meet the criteria) over total stock of passenger cars in the EU (2019 data, source Eurostat: https://appsso.eurostat.ec.europa.eu/nui/submitViewTableAction.do)",1.0,0.9974885089522643,Complement to 1 of TAC.,0
1.0,H.49.41,Freight transport by road,0.0021822551637762384,"Share of electric lorries over total (2019 data, source Eurostat: https://ec.europa.eu/eurostat/databrowser/view/ROAD_EQS_LORMOT__custom_1153523/default/table?lang=en)",1.0,0.9978177448362238,Complement to 1 of TAC.,0
1.0,H.49.5,Transport via pipeline,0.0,The share of low-carbon gases is currently negligible.,0.0,1,"Complement to 1 of TAC. The revenues of this NACE sector currently depend almost entirely from extraction, manufacturing or sale of fossil fuel. ",0
1.0,H.49.5,Transport via pipeline,0.0,The share of Taxonomy-aligned activities within this NACE code is very small at this stage. ,0.0,1,"Revenues in this NACE sector currently depend entirely from extraction, manufacturing or sale of fossil fuel. ",0
1.0,H.50.1,Sea and coastal passenger water transport,0.0,The share of Taxonomy-aligned activities within this NACE code is very small at this stage. ,0.0,1,Complement to 1 of TAC.,0
1.0,H.50.2,Sea and coastal freight water transport,0.0,The share of Taxonomy-aligned activities within this NACE code is very small at this stage. ,0.0,1,Complement to 1 of TAC.,0
1.0,H.50.3,Inland passenger water transport,0.0,The share of Taxonomy-aligned activities within this NACE code is very small at this stage. ,0.0,1,Complement to 1 of TAC.,0
1.0,H.50.4,Inland freight water transport,0.0,The share of Taxonomy-aligned activities within this NACE code is very small at this stage. ,0.0,1,Complement to 1 of TAC.,0
0.0,H.51,,0.0,The share of Taxonomy-aligned activities within this NACE code is 0 since the activities in this code are not eligible (not included in the Taxonomy).,0.0,1,There are technological challenges to the transition to low-carbon fuels for this type of transport. ,0
1.0,H.52.21,Service activities incidental to land transportation,0.036485788706938325,"Length of electrified railways over total length of tracks and roads (2019 data, source Eurostat: https://ec.europa.eu/eurostat/web/transport/data/database?p_p_id=NavTreeportletprod_WAR_NavTreeportletprod_INSTANCE_yjUOJMEUlFPI&p_p_lifecycle=0&p_p_state=normal&p_p_mode=view). ",1.0,0.9635142112930617,Complement to 1 of TAC.,0
1.0,H.52.22,Service activities incidental to water transportation,0.0,The share of Taxonomy-aligned activities within this NACE code is very small at this stage. ,0.0,1,Complement to 1 of TAC.,0
0.0,H.52.23,,0.0,The share of Taxonomy-aligned activities within this NACE code is 0 since the activities in this code are not eligible (not included in the Taxonomy).,0.0,1,There are technological challenges to the transition to low-carbon fuels for this type of transport. ,0
1.0,H.53.1,Postal activities under universal service obligation,0.0021822551637762384,"Share of electric lorries over total (2019 data, source Eurostat: https://ec.europa.eu/eurostat/databrowser/view/ROAD_EQS_LORMOT__custom_1153523/default/table?lang=en)",1.0,0.9978177448362238,Complement to 1 of TAC.,0
1.0,H.53.2,Other postal and courier activities,0.0021822551637762384,"Share of electric lorries over total (2019 data, source Eurostat: https://ec.europa.eu/eurostat/databrowser/view/ROAD_EQS_LORMOT__custom_1153523/default/table?lang=en)",1.0,0.9978177448362238,Complement to 1 of TAC.,0
1.0,J.61 ,Telecommunications,0.0,The share of Taxonomy-aligned activities within this NACE code is very small at this stage. ,0.0,0,This NACE sector does not belong to the list of sectors defined as highly exposed to transition risk.,0
1.0,J.62 ,"Computer programming, consultancy and related activities",0.0,The share of Taxonomy-aligned activities within this NACE code is very small at this stage. ,0.0,0,This NACE sector does not belong to the list of sectors defined as highly exposed to transition risk.,0
1.0,J.63.11,"Data processing, hosting and related activities",0.0,The share of Taxonomy-aligned activities within this NACE code is very small at this stage. ,0.0,0,This NACE sector does not belong to the list of sectors defined as highly exposed to transition risk.,0
1.0,L.68,Real estate activities,0.15,"The share of EPC A certified buildings over the total number of issued EPCs only exceeds 15% in NL (2020 data, source BPIE: https://www.bpie.eu/wp-content/uploads/2020/06/X-TENDO-REPORT_FINAL_200519_pages.pdf). However, issued EPCs only cover a fraction of the total building stock.",0.0,0.7,"Annex 2 of the Climate Delegated Act indicates as significantly harmful buildings belonging to the lower 70% of the building stock in terms of energy efficiency. Alternatively, all buildings with an EPC worse than C.",0
1.0,M.71,Architectural and engineering activities; technical testing and analysis,0.0,The share of Taxonomy-aligned activities within this NACE code is very small at this stage. ,0.0,0,This NACE sector does not belong to the list of sectors defined as highly exposed to transition risk.,0
1.0,M.71.1,Architectural and engineering activities and related technical consultancy,0.0,The share of Taxonomy-aligned activities within this NACE code is very small at this stage. ,0.0,0,This NACE sector does not belong to the list of sectors defined as highly exposed to transition risk.,0
1.0,M.71.12 ,Engineering activities and related technical consultancy,0.0,The share of Taxonomy-aligned activities within this NACE code is very small at this stage. ,0.0,0,This NACE sector does not belong to the list of sectors defined as highly exposed to transition risk.,0
1.0,M.71.2,Technical testing and analysis,0.0,The share of Taxonomy-aligned activities within this NACE code is very small at this stage. ,0.0,0,This NACE sector does not belong to the list of sectors defined as highly exposed to transition risk.,0
1.0,M.72.1,Research and experimental development on natural sciences and engineering,0.0,The share of Taxonomy-aligned activities within this NACE code is very small at this stage. ,0.0,0,This NACE sector does not belong to the list of sectors defined as highly exposed to transition risk.,0
0.0,N.77.1,,0.02,"Minimum between TAC of N.77.11 and N.77.12, which are mentioned in the Taxonomy and are the only children of N.77.1 .",0.0,0.98,Complement to 1 of TAC,0
1.0,N.77.11,Renting and leasing of cars and light motor vehicles,0.0025114910477356893,"Share of Electric Vehicles (plug-in hybrid electric vehicles do not meet the criteria) over total stock of passenger cars in the EU (2019 data, source Eurostat: https://appsso.eurostat.ec.europa.eu/nui/submitViewTableAction.do)",1.0,0.9974885089522643,Complement to 1 of TAC.,0
1.0,N.77.12,Renting and leasing of trucks,0.0021822551637762384,"Share of electric lorries over total (2019 data, source Eurostat: https://ec.europa.eu/eurostat/databrowser/view/ROAD_EQS_LORMOT__custom_1153523/default/table?lang=en)",1.0,0.9978177448362238,Complement to 1 of TAC.,0
1.0,N.77.21 ,Renting and leasing of recreational and sports goods,0.0,The share of Taxonomy-aligned activities within this NACE code is very small at this stage.,0.0,0,This NACE sector does not belong to the list of sectors defined as highly exposed to transition risk.,0
1.0,N.77.34,Renting and leasing of water transport equipment,0.0,The share of Taxonomy-aligned activities within this NACE code is very small at this stage. ,0.0,1,Complement to 1 of TAC.,0
0.0,N.77.35,,0.0,The share of Taxonomy-aligned activities within this NACE code is 0 since the activities in this code are not eligible (not included in the Taxonomy).,0.0,1,There are technological challenges to the transition to low-carbon fuels for this type of transport. ,0
1.0,N.77.39,"Renting and leasing of other machinery, equipment and tangible goods n.e.c.",0.0,The share of Taxonomy-aligned activities within this NACE code is very small at this stage. ,0.0,0,This NACE sector does not belong to the list of sectors defined as highly exposed to transition risk.,0
1.0,S.95.21 ,Repair of consumer electronics,0.0,The share of Taxonomy-aligned activities within this NACE code is very small at this stage. ,0.0,0,This NACE sector does not belong to the list of sectors defined as highly exposed to transition risk.,0
1.0,S.95.22 ,Repair of household appliances and home and garden equipment,0.0,The share of Taxonomy-aligned activities within this NACE code is very small at this stage. ,0.0,0,This NACE sector does not belong to the list of sectors defined as highly exposed to transition risk.,0
,,,,,,,, 
