CTRY,MCA,UNLocode,Country/Port Name,Label using special characters,Nat. Stat. Group,National Code,Port on Island,2024 list: modifications compared to 2023 list,2021 list: modifications compared to 2020 list,2020 list: modifications compared to 2019 list,2019 list: modifications compared to 2018 list,2018 list: modifications compared to 2017 list,2017 list: modifications compared to 2016 list,2015 list: modifications compared to 2014 list,2012 list: modifications compared to 2011 list,2011 list: modifications compared to 2010 list,2010 list: modifications compared to 2009 list,previous changes (partial coverage) and other comments,Unnamed: 19,Unnamed: 20,Unnamed: 21,Unnamed: 22,Unnamed: 23,Unnamed: 24,Unnamed: 25,Unnamed: 26,Unnamed: 27,Unnamed: 28,Unnamed: 29,Unnamed: 30,Unnamed: 31,Unnamed: 32
DE,DE09,DEABF,Abbenfleth,,DE09DE888,,,,,,,,,,,,2010: New entry as non-statistical port,,,,,,,,,,,,,,,
DE,DE09,DEABH,Abbehausen,,DE09DE888,,,,,,,,,,,,2010: New entry as non-statistical port,,,,,,,,,,,,,,,
DE,DE09,DEACM,Achim,,DE09DE888,,,,,,,,,,,,2010: New entry as non-statistical port,W - Not a port according to UNECE,,,,,,,,,,,,,,
DE,DE09,DEAML,Amelsburen,Amelsbüren,DE09DE888,,,,,,,,,,,,2010: New entry as non-statistical port,,,,,,,,,,,,,,,
DE,DE09,DEASC,Aschaffenburg,,DE09DE888,,,,,,,,,,,,2010: New entry as non-statistical port,,,,,,,,,,,,,,,
DE,DE09,DEASS,Assel,,DE09DE888,,,,,,,,,,,,2010: New entry as non-statistical port,,,,,,,,,,,,,,,
DE,DE09,DEATL,Altenlingen,,DE09DE888,,,,,,,,,,,,2010: New entry as non-statistical port,,,,,,,,,,,,,,,
DE,DE03,DEAUR,Aurich,,DE88I,,,,,,,,,,,,2010: New entry as non-statistical port,,,,,,,,,,,,,,,
DE,DE09,DEAWR,Achterwehr,,DE09DE888,,,,,,,,,,,,2010: New entry as non-statistical port,,,,,,,,,,,,,,,
DE,DE09,DEBAM,Bamberg,,DE09DE888,,,,,,,,,,,,2010: New entry as non-statistical port,,,,,,,,,,,,,,,
DE,DE09,DEBAS,Basbeck,,DE09DE888,,,,,,,,,,,,2010: New entry as non-statistical port,,,,,,,,,,,,,,,
DE,DE09,DEBBG,Brandenburg,,DE09DE888,,,,,,,,,,,,2010: New entry as non-statistical port,,,,,,,,,,,,,,,
DE,DE09,DEBCO,Bockholdt,,DE09DE888,,,,,,,,,,,,2010: New entry as non-statistical port,,,,,,,,,,,,,,,
DE,DE09,DEBCT,Borschutz,Borschütz,DE09DE888,,,,,,,,,,,,2010: New entry as non-statistical port,,,,,,,,,,,,,,,
DE,DE09,DEBCW,Brachwitz,,DE09DE888,,,,,,,,,,,,2010: New entry as non-statistical port,,,,,,,,,,,,,,,
DE,DE09,DEBDF,Bendorf/Rhein,,DE09DE888,,,,,,,,,,,,2010: New entry as non-statistical port,,,,,,,,,,,,,,,
DE,DE09,DEBEK,Bernkastel-Kues,,DE09DE888,,,,,,,,,,,,2010: New entry as non-statistical port,,,,,,,,,,,,,,,
DE,DE09,DEBES,Bad Essen,,DE09DE888,,,,,,,,,,,,2010: New entry as non-statistical port,,,,,,,,,,,,,,,
DE,DE09,DEBEV,Beverungen,,DE09DE888,,,,,,,,,,,,2010: New entry as non-statistical port,,,,,,,,,,,,,,,
DE,DE09,DEBFH,Bad Friedrichshall,,DE09DE888,,,,,,,,,,,,2010: New entry as non-statistical port,,,,,,,,,,,,,,,
DE,DE09,DEBFL,Borsfleth,,DE09DE888,,,,,,,,,,,,2010: New entry as non-statistical port,,,,,,,,,,,,,,,
DE,DE09,DEBGX,Burg,,DE09DE888,,,,,,,,,,,,2010: New entry as non-statistical port,W - Not a port according to UNECE,,,,,,,,,,,,,,
DE,DE09,DEBHM,Bergheim,,DE09DE888,,,,,,,,,,,,2010: New entry as non-statistical port,W - Not a port according to UNECE,,,,,,,,,,,,,,
DE,DE09,DEBIN,Bingen,,DE09DE888,,,,,,,,,,,,2010: New entry as non-statistical port,,,,,,,,,,,,,,,
DE,DE09,DEBIW,Bindow,,DE09DE888,,,,,,,,,,,,2010: New entry as non-statistical port,,,,,,,,,,,,,,,
DE,DE09,DEBKW,Beeskow,,DE09DE888,,,,,,,,,,,,2010: New entry as non-statistical port,,,,,,,,,,,,,,,
DE,DE09,DEBMV,Bremervorde,Bremervörde,DE09DE888,,,,,,,,,,,,2010: New entry as non-statistical port,,,,,,,,,,,,,,,
DE,DE09,DEBNK,Brink,,DE09DE888,,,,,,,,,,,,2010: New entry as non-statistical port,,,,,,,,,,,,,,,
DE,DE09,DEBOC,Bockhorst,,DE09DE888,,,,,,,,,,,,2010: New entry as non-statistical port,,,,,,,,,,,,,,,
DE,DE09,DEBOK,Bokel,,DE09DE888,,,,,,,,,,,,2010: New entry as non-statistical port,,,,,,,,,,,,,,,
DE,DE09,DEBON,Bonn,,DE09DE888,,,,,,,,,,,,2010: New entry as non-statistical port,,,,,,,,,,,,,,,
DE,DE09,DEBOT,Bottrop,,DE09DE888,,,,,,,,,,,,2010: New entry as non-statistical port,,,,,,,,,,,,,,,
DE,DE09,DEBOY,Bad Oeynhausen,,DE09DE888,,,,,,,,,,,,2010: New entry as non-statistical port,,,,,,,,,,,,,,,
DE,DE09,DEBRA,Bramel,,DE09DE888,,,,,,,,,,,,2010: New entry as non-statistical port,,,,,,,,,,,,,,,
DE,DE09,DEBRD,Briedern,,DE09DE888,,,,,,,,,,,,2010: New entry as non-statistical port,W - Not a port according to UNECE,,,,,,,,,,,,,,
DE,DE09,DEBRG,Burg/Dithmarschen,,DE09DE888,,,,,,,,,,,,2010: New entry as non-statistical port,,,,,,,,,,,,,,,
DE,DE03,DEBRM,Bramsche,,DE88I,,,,,,,,,,,,2010: New entry as non-statistical port,,,,,,,,,,,,,,,
DE,DE09,DEBRN,Bornsen,Börnsen,DE09DE888,,,,,,,,,,,,2010: New entry as non-statistical port,,,,,,,,,,,,,,,
DE,DE09,DEBRO,Brohl-Lutzing,Brohl-Lützing,DE09DE888,,,,,,,,,,,,2010: New entry as non-statistical port,,,,,,,,,,,,,,,
DE,DE03,DEBRU,Bruhl,Brühl,DE88I,,,,,2020: Correction of MCA code and statistical port (previously DE09),,,,,,,2010: New entry as non-statistical port,W - Not a port according to UNECE,,,,,,,,,,,,,,
DE,DE09,DEBSH,Breisach,,DE09DE888,,,,,,,,,,,,2010: New entry as non-statistical port,,,,,,,,,,,,,,,
DE,DE03,DEKPE,Kampe,,DE88I,,,,,2020: Correction of MCA code and statistical port (previously DE09),,,,,,,2010: New entry as non-statistical port,,,,,,,,,,,,,,,
DE,DE09,DEBTA,Bortfeld,,DE09DE888,,,,,,,,,,,,2010: New entry as non-statistical port,,,,,,,,,,,,,,,
DE,DE09,DEBUD,Budenheim,,DE09DE888,,,,,,,,,,,,2010: New entry as non-statistical port,W - Not a port according to UNECE,,,,,,,,,,,,,,
DE,DE09,DEBUT,Butjadingen,,DE09DE888,,,,,,,,,,,,2010: New entry as non-statistical port,,,,,,,,,,,,,,,
DE,DE01,DEBUX,Buxtehude,,DE88N,,,2024: Correction of MCA code and statistical port (previously DE09),,,,,,,,,2010: New entry as non-statistical port,,,,,,,,,,,,,,,
DE,DE09,DEDAN,Dangast,,DE09DE888,,,,,,,,,,,,2010: New entry as non-statistical port,,,,,,,,,,,,,,,
DE,DE09,DEDAT,Datteln,,DE09DE888,,,,,,,,,,,,2010: New entry as non-statistical port,,,,,,,,,,,,,,,
DE,DE09,DEDEG,Deggendorf,,DE09DE888,,,,,,,,,,,,2010: New entry as non-statistical port,,,,,,,,,,,,,,,
DE,DE09,DEDIT,Ditzum,,DE09DE888,,,,,,,,,,,,2010: New entry as non-statistical port,,,,,,,,,,,,,,,
DE,DE09,DEDNT,Dorenthe,Dörenthe,DE09DE888,,,,,,,,,,,,2010: New entry as non-statistical port,,,,,,,,,,,,,,,
DE,DE09,DEDOB,Dornbusch,,DE09DE888,,,,,,,,,,,,2010: New entry as non-statistical port,,,,,,,,,,,,,,,
DE,DE09,DEDRP,Dorpen,Dörpen,DE09DE888,,,,,,,,,,,,2010: New entry as non-statistical port,,,,,,,,,,,,,,,
DE,DE09,DEDRS,Dresden,,DE09DE888,,,,,,,,,,,,2010: New entry as non-statistical port,,,,,,,,,,,,,,,
DE,DE09,DEDVE,Dorverden,Dörverden,DE09DE888,,,,,,,,,,,,2010: New entry as non-statistical port,,,,,,,,,,,,,,,
DE,DE09,DEDYK,Dyckhausen,,DE09DE888,,,,,,,,,,,,2010: New entry as non-statistical port,,,,,,,,,,,,,,,
DE,DE09,DEEAM,Erlenbach am Main,,DE09DE888,,,,,,,,,,,,2010: New entry as non-statistical port,,,,,,,,,,,,,,,
DE,DE09,DEEBB,Eberbach,,DE09DE888,,,,,,,,,,,,2010: New entry as non-statistical port,,,,,,,,,,,,,,,
DE,DE09,DEEDI,Edingen,,DE09DE888,,,,,,,,,,,,2010: New entry as non-statistical port,,,,,,,,,,,,,,,
DE,DE09,DEEGL,Eggenstein-Leopoldshafen,,DE09DE888,,,,,,,,,,,,2010: New entry as non-statistical port,,,,,,,,,,,,,,,
DE,DE09,DEEHS,Eisenhuttenstadt,Eisenhüttenstadt,DE09DE888,,,,,,,,,,,,2010: New entry as non-statistical port,,,,,,,,,,,,,,,
DE,DE09,DEELF,Elsenfeld,,DE09DE888,,,,,,,,,,,,2010: New entry as non-statistical port,,,,,,,,,,,,,,,
DE,DE01,DEELM,Elmshorn,,DE09DE888,,,,,,,,,,,2011: Change of MCA: Previously DE09,2010: New entry as non-statistical port,,,,,,,,,,,,,,,
DE,DE01,DEELS,Elsfleth,,DE09DE888,,,,2021: Correction of MCA code and statistical port (previously DE09),,,,,,,,2010: New entry as non-statistical port,,,,,,,,,,,,,,,
DE,DE09,DEEMM,Emmerich,,DE09DE888,,,,,,,,,,,,2010: New entry as non-statistical port,,,,,,,,,,,,,,,
DE,DE09,DEEPP,Eppelheim,,DE09DE888,,,,,,,,,,,,2010: New entry as non-statistical port,W - Not a port according to UNECE,,,,,,,,,,,,,,
DE,DE09,DEESF,Estorf/Weser,,DE09DE888,,,,,,,,,,,,2010: New entry as non-statistical port,,,,,,,,,,,,,,,
DE,DE09,DEESS,Essen,,DE09DE888,,,,,,,,,,,,2010: New entry as non-statistical port,,,,,,,,,,,,,,,
DE,DE09,DEEYP,Eystrup,,DE09DE888,,,,,,,,,,,,2010: New entry as non-statistical port,W - Not a port according to UNECE,,,,,,,,,,,,,,
DE,DE09,DEFFO,Frankfurt/Oder,,DE09DE888,,,,,,,,,,,,2010: New entry as non-statistical port,,,,,,,,,,,,,,,
DE,DE03,DEFRA,Frankfurt am Main,,DE09DE888,,,,,,,,,,,2011: Change of MCA: Previously DE09,2010: New entry as non-statistical port,,,,,,,,,,,,,,,
DE,DE09,DEFRE,Fresenburg,,DE09DE888,,,,,,,,,,,,2010: New entry as non-statistical port,,,,,,,,,,,,,,,
DE,DE09,DEGDO,Godorf,,DE09DE888,,,,,,,,,,,,2010: New entry as non-statistical port,,,,,,,,,,,,,,,
DE,DE09,DEGEM,Gemunden,Gemünden,DE09DE888,,,,,,,,,,,,2010: New entry as non-statistical port,,,,,,,,,,,,,,,
DE,DE09,DEGER,Germersheim,,DE09DE888,,,,,,,,,,,,2010: New entry as non-statistical port,,,,,,,,,,,,,,,
DE,DE09,DEGEV,Geversdorf,,DE09DE888,,,,,,,,,,,,2010: New entry as non-statistical port,,,,,,,,,,,,,,,
DE,DE09,DEGHM,Gernsheim,,DE09DE888,,,,,,,,,,,,2010: New entry as non-statistical port,,,,,,,,,,,,,,,
DE,DE09,DEGHZ,Gersheim,,DE09DE888,,,,,,,,,,,,2010: New entry as non-statistical port,,,,,,,,,,,,,,,
DE,DE09,DEGIG,Ginsheim-Gustavsburg,,DE09DE888,,,,,,,,,,,,2010: New entry as non-statistical port,,,,,,,,,,,,,,,
DE,DE09,DEGMR,Grimberg,,DE09DE888,,,,,,,,,,,,2010: New entry as non-statistical port,,,,,,,,,,,,,,,
DE,DE09,DEGPR,Groppenbruch,,DE09DE888,,,,,,,,,,,,2010: New entry as non-statistical port,,,,,,,,,,,,,,,
DE,DE09,DEGRE,Greetsiel,,DE09DE888,,,,,,,,,,,,2010: New entry as non-statistical port,,,,,,,,,,,,,,,
DE,DE09,DEGRO,Grossenbrode,,DE09DE888,,,,,,,,,,,,2010: New entry as non-statistical port,,,,,,,,,,,,,,,
DE,DE09,DEGSI,Grossensiel,,DE09DE888,,,,,,,,,,,,2010: New entry as non-statistical port,,,,,,,,,,,,,,,
DE,DE03,DEGST,Geeste,,DE09DE888,,,,,,,,,,2012: Change of MCA (previously DE09),,2010: New entry as non-statistical port,,,,,,,,,,,,,,,
DE,DE09,DEHAF,Hafenlohr,,DE09DE888,,,,,,,,,,,,2010: New entry as non-statistical port,,,,,,,,,,,,,,,
DE,DE09,DEHAJ,Hannover,,DE09DE888,,,,,,,,,,,,2010: New entry as non-statistical port,,,,,,,,,,,,,,,
DE,DE09,DEHAL,Halle,,DE09DE888,,,,,,,,,,,,2010: New entry as non-statistical port,W - Not a port according to UNECE,,,,,,,,,,,,,,
DE,DE09,DEHAN,Hameln,,DE09DE888,,,,,,,,,,,,2010: New entry as non-statistical port,,,,,,,,,,,,,,,
DE,DE09,DEHAO,Hasloch,,DE09DE888,,,,,,,,,,,,2010: New entry as non-statistical port,,,,,,,,,,,,,,,
DE,DE09,DEHAS,Hassfurt,,DE09DE888,,,,,,,,,,,,2010: New entry as non-statistical port,,,,,,,,,,,,,,,
DE,DE09,DEHBO,Homberg,,DE09DE888,,,,,,,,,,,,2010: New entry as non-statistical port,,,,,,,,,,,,,,,
DE,DE09,DEHBR,Herbrum,,DE09DE888,,,,,,,,,,,,2010: New entry as non-statistical port,,,,,,,,,,,,,,,
DE,DE09,DEHCS,Hochst,Höchst,DE09DE888,,,,,,,,,,,,2010: New entry as non-statistical port,,,,,,,,,,,,,,,
DE,DE09,DEHDI,Hiddingsel,,DE09DE888,,,,,,,,,,,,2010: New entry as non-statistical port,,,,,,,,,,,,,,,
DE,DE09,DEHED,Heikendorf,,DE09DE888,,,,,,,,,,,,2010: New entry as non-statistical port,,,,,,,,,,,,,,,
DE,DE09,DEHEN,Heilbronn,,DE09DE888,,,,,,,,,,,,2010: New entry as non-statistical port,,,,,,,,,,,,,,,
DE,DE09,DEHGE,Hooge,,DE09DE888,,,,,,,,,,,,2010: New entry as non-statistical port,,,,,,,,,,,,,,,
DE,DE09,DEHHL,Hehlen,,DE09DE888,,,,,,,,,,,,2010: New entry as non-statistical port,,,,,,,,,,,,,,,
DE,DE09,DEHHM,Hattersheim,,DE09DE888,,,,,,,,,,,,2010: New entry as non-statistical port,W - Not a port according to UNECE,,,,,,,,,,,,,,
DE,DE09,DEHIE,Hille,,DE09DE888,,,,,,,,,,,,2010: New entry as non-statistical port,,,,,,,,,,,,,,,
DE,DE09,DEHLH,Haldensleben,,DE09DE888,,,,,,,,,,,,2010: New entry as non-statistical port,,,,,,,,,,,,,,,
DE,DE09,DEHLO,Haseldorf,,DE09DE888,,,,,,,,,,,,2010: New entry as non-statistical port,,,,,,,,,,,,,,,
DE,DE09,DEHLP,Hiltrup,,DE09DE888,,,,,,,,,,,,2010: New entry as non-statistical port,,,,,,,,,,,,,,,
DE,DE09,DEHMM,Hamm,,DE09DE888,,,,,,,,,,,,2010: New entry as non-statistical port,,,,,,,,,,,,,,,
DE,DE09,DEHOS,Horumersiel,,DE09DE888,,,,,,,,,,,,2010: New entry as non-statistical port,,,,,,,,,,,,,,,
DE,DE09,DEHPE,Hoopte,,DE09DE888,,,,,,,,,,,,2010: New entry as non-statistical port,,,,,,,,,,,,,,,
DE,DE09,DEHRB,Horneburg,,DE09DE888,,,,,,,,,,,,2010: New entry as non-statistical port,,,,,,,,,,,,,,,
DE,DE09,DEHRT,Herten,,DE09DE888,,,,,,,,,,,,2010: New entry as non-statistical port,,,,,,,,,,,,,,,
DE,DE09,DEHSA,Hohensaaten,,DE09DE888,,,,,,,,,,,,2010: New entry as non-statistical port,,,,,,,,,,,,,,,
DE,DE09,DEHZN,Holzminden,,DE09DE888,,,,,,,,,,,,2010: New entry as non-statistical port,,,,,,,,,,,,,,,
DE,DE09,DEHZZ,Huttingen,,DE09DE888,,,,,,,,,,,,2010: New entry as non-statistical port,,,,,,,,,,,,,,,
DE,DE09,DEINM,Ingelheim,,DE09DE888,,,,,,,,,,,,2010: New entry as non-statistical port,,,,,,,,,,,,,,,
DE,DE09,DEJEM,Jemgum,,DE09DE888,,,,,,,,,,,,2010: New entry as non-statistical port,,,,,,,,,,,,,,,
DE,DE09,DEJSN,Jossen,Jössen,DE09DE888,,,,,,,,,,,,2010: New entry as non-statistical port,,,,,,,,,,,,,,,
DE,DE03,DEKAE,Karlsruhe,,DE88I,,,,,,,,,,,,2010: New entry as non-statistical port,,,,,,,,,,,,,,,
DE,DE09,DEKAM,Kahl am Main,,DE09DE888,,,,,,,,,,,,2010: New entry as non-statistical port,,,,,,,,,,,,,,,
DE,DE09,DEKCO,Kirchmoser,Kirchmöser,DE09DE888,,,,,,,,,,,,2010: New entry as non-statistical port,,,,,,,,,,,,,,,
DE,DE09,DEKEB,Kelsterbach,,DE09DE888,,,,,,,,,,,,2010: New entry as non-statistical port,,,,,,,,,,,,,,,
DE,DE09,DEKEM,Kelheim,,DE09DE888,,,,,,,,,,,,2010: New entry as non-statistical port,,,,,,,,,,,,,,,
DE,DE09,DEKGU,Kriegenbrunn,,DE09DE888,,,,,,,,,,,,2010: New entry as non-statistical port,,,,,,,,,,,,,,,
DE,DE09,DEKIT,Kitzingen,,DE09DE888,,,,,,,,,,,,2010: New entry as non-statistical port,,,,,,,,,,,,,,,
DE,DE09,DEKKU,Kunkemuhle,Kunkemühle,DE09DE888,,,,,,,,,,,,2010: New entry as non-statistical port,,,,,,,,,,,,,,,
DE,DE09,DEKOB,Koblenz am Rhein,,DE09DE888,,,,,,,,,,,,2010: New entry as non-statistical port,,,,,,,,,,,,,,,
DE,DE09,DEKOF,Kolenfeld,,DE09DE888,,,,,,,,,,,,2010: New entry as non-statistical port,,,,,,,,,,,,,,,
DE,DE01,DEKOL,Kollmar,,DE88N,,,,Changed the MCA from DE09 into DE01,,,,,,,,2010: New entry as non-statistical port,,,,,,,,,,,,,,,
DE,DE09,DEKRA,Krautsand,,DE09DE888,,,,,,,,,,,,2010: New entry as non-statistical port,,,,,,,,,,,,,,,
DE,DE09,DEKSD,Karlstadt,,DE09DE888,,,,,,,,,,,,2010: New entry as non-statistical port,W - Not a port according to UNECE,,,,,,,,,,,,,,
DE,DE09,DEKWH,Konigs Wusterhausen,Königs Wusterhausen,DE09DE888,,,,,,,,,,,,2010: New entry as non-statistical port,,,,,,,,,,,,,,,
DE,DE09,DELAM,Lampertheim,,DE09DE888,,,,,,,,,,,,2010: New entry as non-statistical port,,,,,,,,,,,,,,,
DE,DE09,DELAT,Lathen,,DE09DE888,,,,,,,,,,,,2010: New entry as non-statistical port,,,,,,,,,,,,,,,
DE,DE09,DELEW,Lemwerder,,DE09DE888,,,,,,,,,,,,2010: New entry as non-statistical port,,,,,,,,,,,,,,,
DE,DE03,DELDB,Ladbergen,,DE88I,,,,,,2019: New entry as non statistical port,,,,,,,,,,,,,,,,,,,,,
DE,DE03,DELHD,Lahde,,DE88I,,,,Changed the MCA from DE09 into DE03,,,,,,,,2010: New entry as non-statistical port,,,,,,,,,,,,,,,
DE,DE09,DELHE,Lohne,Löhne,DE09DE888,,,,,,,,,,,,2010: New entry as non-statistical port,W - Not a port according to UNECE,,,,,,,,,,,,,,
DE,DE09,DELIB,Liebenau,,DE09DE888,,,,,,,,,,,,2010: New entry as non-statistical port,,,,,,,,,,,,,,,
DE,DE09,DELIM,Limburg,,DE09DE888,,,,,,,,,,,,2010: New entry as non-statistical port,W - Not a port according to UNECE,,,,,,,,,,,,,,
DE,DE09,DELIN,Lintelermarsch,,DE09DE888,,,,,,,,,,,,2010: New entry as non-statistical port,,,,,,,,,,,,,,,
DE,DE09,DELNU,Lauenburg/Elbe,,DE09DE888,,,,,,,,,,,,2010: New entry as non-statistical port,,,,,,,,,,,,,,,
DE,DE09,DELRN,Linz am Rhein,,DE09DE888,,,,,,,,,,,,2010: New entry as non-statistical port,,,,,,,,,,,,,,,
DE,DE09,DELUH,Ludwigshafen,,DE09DE888,,,,,,,,,,,,2010: New entry as non-statistical port,,,,,,,,,,,,,,,
DE,DE09,DEMAI,Mainz,,DE09DE888,,,,,,,,,,,,2010: New entry as non-statistical port,,,,,,,,,,,,,,,
DE,DE09,DEMDI,Meiderich,,DE09DE888,,,,,,,,,,,,2010: New entry as non-statistical port,,,,,,,,,,,,,,,
DE,DE09,DEMEI,Meissen,,DE09DE888,,,,,,,,,,,,2010: New entry as non-statistical port,,,,,,,,,,,,,,,
DE,DE09,DEMEL,Meldorf,,DE09DE888,,,,,,,,,,,,2010: New entry as non-statistical port,,,,,,,,,,,,,,,
DE,DE09,DEMEM,Memmert,,DE09DE888,,X,,,,,,,,,,2010: New entry as non-statistical port,,,,,,,,,,,,,,,
DE,DE03,DEMHG,Mannheim,,DE09DE888,,,,,,,,,,,2011: Change of MCA: Previously DE09,2010: New entry as non-statistical port,,,,,,,,,,,,,,,
DE,DE09,DEMHM,Monheim,,DE09DE888,,,,,,,,,,,,2010: New entry as non-statistical port,,,,,,,,,,,,,,,
DE,DE09,DEMIB,Misburg,,DE09DE888,,,,,,,,,,,,2010: New entry as non-statistical port,,,,,,,,,,,,,,,
DE,DE09,DEMIL,Miltenberg,,DE09DE888,,,,,,,,,,,,2010: New entry as non-statistical port,,,,,,,,,,,,,,,
DE,DE09,DEMIN,Minsen,,DE09DE888,,,,,,,,,,,,2010: New entry as non-statistical port,,,,,,,,,,,,,,,
DE,DE09,DEMLM,Muhlheim am Main,Mühlheim am Main,DE09DE888,,,,,,,,,,,,2010: New entry as non-statistical port,W - Not a port according to UNECE,,,,,,,,,,,,,,
DE,DE09,DEMMO,Mulheim,Mülheim,DE09DE888,,,,,,,,,,,,2010: New entry as non-statistical port,,,,,,,,,,,,,,,
DE,DE09,DEMOE,Molln,Mölln,DE09DE888,,,,,,,,,,,,2010: New entry as non-statistical port,,,,,,,,,,,,,,,
DE,DE09,DEMRM,Marcardsmoor,,DE09DE888,,,,,,,,,,,,2010: New entry as non-statistical port,,,,,,,,,,,,,,,
DE,DE09,DEMRS,Mariensiel,,DE09DE888,,,,,,,,,,,,2010: New entry as non-statistical port,,,,,,,,,,,,,,,
DE,DE09,DEMRU,Mehrum,,DE09DE888,,,,,,,,,,,,2010: New entry as non-statistical port,,,,,,,,,,,,,,,
DE,DE09,DEMSH,Mescherin,,DE09DE888,,,,,,,,,,,,2010: New entry as non-statistical port,,,,,,,,,,,,,,,
DE,DE09,DEMSR,Munster,Münster,DE09DE888,,,,,,,,,,,,2010: New entry as non-statistical port,,,,,,,,,,,,,,,
DE,DE09,DEMXA,Maxau,,DE09DE888,,,,,,,,,,,,2010: New entry as non-statistical port,,,,,,,,,,,,,,,
DE,DE09,DENCA,Neuscharrel,,DE09DE888,,,,,,,,,,,,2010: New entry as non-statistical port,,,,,,,,,,,,,,,
DE,DE09,DENED,Neuwied,,DE09DE888,,,,,,,,,,,,2010: New entry as non-statistical port,,,,,,,,,,,,,,,
DE,DE09,DENEF,Neufeld,,DE09DE888,,,,,,,,,,,,2010: New entry as non-statistical port,,,,,,,,,,,,,,,
DE,DE09,DENEH,Neuhaus an der Oste,,DE09DE888,,,,,,,,,,,,2010: New entry as non-statistical port,,,,,,,,,,,,,,,
DE,DE09,DENEL,Neuland/Elbe,,DE09DE888,,,,,,,,,,,,2010: New entry as non-statistical port,,,,,,,,,,,,,,,
DE,DE09,DENEZ,Neckarelz,,DE09DE888,,,,,,,,,,,,2010: New entry as non-statistical port,W - Not a port according to UNECE,,,,,,,,,,,,,,
DE,DE09,DENGL,Neustadt-Glewe,,DE09DE888,,,,,,,,,,,,2010: New entry as non-statistical port,,,,,,,,,,,,,,,
DE,DE09,DENHE,Nordheim,,DE09DE888,,,,,,,,,,,,2010: New entry as non-statistical port,,,,,,,,,,,,,,,
DE,DE09,DENHL,Niehl/Koln,Niehl/Köln,DE09DE888,,,,,,,,,,,,2010: New entry as non-statistical port,,,,,,,,,,,,,,,
DE,DE09,DENIE,Nienburg,,DE09DE888,,,,,,,,,,,,2010: New entry as non-statistical port,,,,,,,,,,,,,,,
DE,DE09,DENSC,Neuenschleuse,,DE09DE888,,,,,,,,,,,,2010: New entry as non-statistical port,,,,,,,,,,,,,,,
DE,DE09,DENST,Neckarsteinach,,DE09DE888,,,,,,,,,,,,2010: New entry as non-statistical port,,,,,,,,,,,,,,,
DE,DE09,DENUE,Nurnberg,Nürnberg,DE09DE888,,,,,,,,,,,,2010: New entry as non-statistical port,,,,,,,,,,,,,,,
DE,DE09,DEOBE,Oberhausen,,DE09DE888,,,,,,,,,,,,2010: New entry as non-statistical port,,,,,,,,,,,,,,,
DE,DE09,DEOFF,Offenbach,,DE09DE888,,,,,,,,,,,,2010: New entry as non-statistical port,,,,,,,,,,,,,,,
DE,DE09,DEOLB,Oldenbuttel,Oldenbüttel,DE09DE888,,,,,,,,,,,,2010: New entry as non-statistical port,,,,,,,,,,,,,,,
DE,DE09,DEOLP,Olpenitz,,DE09DE888,,,,,,,,,,,,2010: New entry as non-statistical port,,,,,,,,,,,,,,,
DE,DE09,DEOSN,Osnabruck,Osnabrück,DE09DE888,,,,,,,,,,,,2010: New entry as non-statistical port,,,,,,,,,,,,,,,
DE,DE09,DEOSR,Ostermoor,,DE09DE888,,,,,,,,,,,,2010: New entry as non-statistical port,,,,,,,,,,,,,,,
DE,DE09,DEOSW,Oestrich-Winkel,,DE09DE888,,,,,,,,,,,,2010: New entry as non-statistical port,,,,,,,,,,,,,,,
DE,DE09,DEOTT,Otterndorf,,DE09DE888,,,,,,,,,,,,2010: New entry as non-statistical port,,,,,,,,,,,,,,,
DE,DE09,DEPAH,Pahlhude,,DE09DE888,,,,,,,,,,,,2010: New entry as non-statistical port,,,,,,,,,,,,,,,
DE,DE09,DEPAS,Passau,,DE09DE888,,,,,,,,,,,,2010: New entry as non-statistical port,,,,,,,,,,,,,,,
DE,DE09,DEPEN,Pente,,DE09DE888,,,,,,,,,,,,2010: New entry as non-statistical port,,,,,,,,,,,,,,,
DE,DE09,DEPHG,Philippsburg,,DE09DE888,,,,,,,,,,,,2010: New entry as non-statistical port,W - Not a port according to UNECE,,,,,,,,,,,,,,
DE,DE09,DEPLL,Pollhagen,,DE09DE888,,,,,,,,,,,,2010: New entry as non-statistical port,,,,,,,,,,,,,,,
DE,DE09,DEPOT,Potsdam,,DE09DE888,,,,,,,,,,,,2010: New entry as non-statistical port,,,,,,,,,,,,,,,
DE,DE09,DEPRW,Prerow,,DE09DE888,,,,,,,,,,,,2010: New entry as non-statistical port,,,,,,,,,,,,,,,
DE,DE09,DEPRY,Parey,,DE09DE888,,,,,,,,,,,,2010: New entry as non-statistical port,,,,,,,,,,,,,,,
DE,DE09,DEPSR,Piesteritz,,DE09DE888,,,,,,,,,,,,2010: New entry as non-statistical port,,,,,,,,,,,,,,,
DE,DE09,DEPSW,Petershagen/Weser,,DE09DE888,,,,,,,,,,,,2010: New entry as non-statistical port,,,,,,,,,,,,,,,
DE,DE09,DEPZI,Pautzfeld,,DE09DE888,,,,,,,,,,,,2010: New entry as non-statistical port,,,,,,,,,,,,,,,
DE,DE09,DERAS,Rastatt,,DE09DE888,,,,,,,,,,,,2010: New entry as non-statistical port,W - Not a port according to UNECE,,,,,,,,,,,,,,
DE,DE09,DERCK,Recke,,DE09DE888,,,,,,,,,,,,2010: New entry as non-statistical port,,,,,,,,,,,,,,,
DE,DE09,DEREE,Reepsholt,,DE09DE888,,,,,,,,,,,,2010: New entry as non-statistical port,,,,,,,,,,,,,,,
DE,DE09,DEREG,Regensburg,,DE09DE888,,,,,,,,,,,,2010: New entry as non-statistical port,,,,,,,,,,,,,,,
DE,DE09,DERHE,Rheine,,DE09DE888,,,,,,,,,,,,2010: New entry as non-statistical port,,,,,,,,,,,,,,,
DE,DE09,DERHL,Rheinbrohl,,DE09DE888,,,,,,,,,,,,2010: New entry as non-statistical port,,,,,,,,,,,,,,,
DE,DE09,DERNT,Runthe,Rünthe,DE09DE888,,,,,,,,,,,,2010: New entry as non-statistical port,,,,,,,,,,,,,,,
DE,DE09,DERUB,Rusbend,,DE09DE888,,,,,,,,,,,,2010: New entry as non-statistical port,,,,,,,,,,,,,,,
DE,DE09,DERUE,Rudesheim,Rüdesheim,DE09DE888,,,,,,,,,,,,2010: New entry as non-statistical port,,,,,,,,,,,,,,,
DE,DE09,DERUM,Russelsheim,Rüsselsheim,DE09DE888,,,,,,,,,,,,2010: New entry as non-statistical port,,,,,,,,,,,,,,,
DE,DE09,DESAA,Saarlouis,,DE09DE888,,,,,,,,,,,,2010: New entry as non-statistical port,,,,,,,,,,,,,,,
DE,DE09,DESAG,Saarburg,,DE09DE888,,,,,,,,,,,,2010: New entry as non-statistical port,,,,,,,,,,,,,,,
DE,DE09,DESAU,Schacht-Audorf,,DE09DE888,,,,,,,,,,,,2010: New entry as non-statistical port,,,,,,,,,,,,,,,
DE,DE09,DESCK,Schermbeck,,DE09DE888,,,,,,,,,,,,2010: New entry as non-statistical port,W - Not a port according to UNECE,,,,,,,,,,,,,,
DE,DE09,DESCN,Saarbrucken,Saarbrücken,DE09DE888,,,,,,,,,,,,2010: New entry as non-statistical port,,,,,,,,,,,,,,,
DE,DE09,DESCW,Schweinfurt,,DE09DE888,,,,,,,,,,,,2010: New entry as non-statistical port,,,,,,,,,,,,,,,
DE,DE09,DESDE,"Sande, Friesland",,DE09DE888,,,,,,,,,,,,2010: New entry as non-statistical port,,,,,,,,,,,,,,,
DE,DE09,DESDI,Schalding,,DE09DE888,,,,,,,,,,,,2010: New entry as non-statistical port,,,,,,,,,,,,,,,
DE,DE09,DESEF,Schelldorf,,DE09DE888,,,,,,,,,,,,2010: New entry as non-statistical port,,,,,,,,,,,,,,,
DE,DE09,DESEH,Sehestedt/Eider,,DE09DE888,,,,,,,,,,,,2010: New entry as non-statistical port,,,,,,,,,,,,,,,
DE,DE09,DESLS,Schleswig,,DE09DE888,,,DE02?,,,,,,,,,2010: New entry as non-statistical port,,,,,,,,,,,,,,,
DE,DE09,DESLZ,Sulzbach-Laufen,,DE09DE888,,,,,,,,,,,,2010: New entry as non-statistical port,,,,,,,,,,,,,,,
DE,DE09,DESNR,Schnackenburg,,DE09DE888,,,,,,,,,,,,2010: New entry as non-statistical port,,,,,,,,,,,,,,,
DE,DE09,DESOC,Stollhofen,,DE09DE888,,,,,,,,,,,,2010: New entry as non-statistical port,,,,,,,,,,,,,,,
DE,DE09,DESPE,Speyer,,DE09DE888,,,,,,,,,,,,2010: New entry as non-statistical port,,,,,,,,,,,,,,,
DE,DE09,DESRI,Schweringen,,DE09DE888,,,,,,,,,,,,2010: New entry as non-statistical port,,,,,,,,,,,,,,,
DE,DE09,DESSL,Hesselte,,DE09DE888,,,,,,,,,,,,2010: New entry as non-statistical port,,,,,,,,,,,,,,,
DE,DE09,DESTB,Straubing,,DE09DE888,,,,,,,,,,,,2010: New entry as non-statistical port,,,,,,,,,,,,,,,
DE,DE09,DESTD,Strande,,DE09DE888,,,,,,,,,,,,2010: New entry as non-statistical port,,,,,,,,,,,,,,,
DE,DE09,DESUD,Suderstapel,Süderstapel,DE09DE888,,,,,,,,,,,,2010: New entry as non-statistical port,,,,,,,,,,,,,,,
DE,DE09,DETAE,Tangermunde,Tangermünde,DE09DE888,,,,,,,,,,DE03,,2010: New entry as non-statistical port,,,,,,,,,,,,,,,
DE,DE09,DETAR,Taben,,DE09DE888,,,,,,,,,,,,2010: New entry as non-statistical port,,,,,,,,,,,,,,,
DE,DE09,DETHU,Thune,,DE09DE888,,,,,,,,,,,,2010: New entry as non-statistical port,,,,,,,,,,,,,,,
DE,DE09,DETOE,Tonning,Tönning,DE09DE888,,,,,,,,,,,,2010: New entry as non-statistical port,,,,,,,,,,,,,,,
DE,DE09,DETOS,Tossens,,DE09DE888,,,,,,,,,,,,2010: New entry as non-statistical port,,,,,,,,,,,,,,,
DE,DE09,DETRH,Trechtingshausen,,DE09DE888,,,,,,,,,,,,2010: New entry as non-statistical port,,,,,,,,,,,,,,,
DE,DE09,DETRI,Trier,,DE09DE888,,,,,,,,,,,,2010: New entry as non-statistical port,,,,,,,,,,,,,,,
DE,DE09,DETSU,Tiessau,,DE09DE888,,,,,,,,,,,,2010: New entry as non-statistical port,,,,,,,,,,,,,,,
DE,DE09,DEUER,Urzig,Ürzig,DE09DE888,,,,,,,,,,,,2010: New entry as non-statistical port,W - Not a port according to UNECE,,,,,,,,,,,,,,
DE,DE09,DEUET,Uetersen,,DE09DE888,,,,,,,,,,,,2010: New entry as non-statistical port,,,,,,,,,,,,,,,
DE,DE09,DEVAR,Varel,,DE09DE888,,,,,,,,,,,,2010: New entry as non-statistical port,,,,,,,,,,,,,,,
DE,DE09,DEVEN,Venne,,DE09DE888,,,,,,,,,,,,2010: New entry as non-statistical port,,,,,,,,,,,,,,,
DE,DE09,DEVER,Verden,,DE09DE888,,,,,,,,,,,,2010: New entry as non-statistical port,W - Not a port according to UNECE,,,,,,,,,,,,,,
DE,DE09,DEVNA,Venhaus,,DE09DE888,,,,,,,,,,,,2010: New entry as non-statistical port,,,,,,,,,,,,,,,
DE,DE09,DEVOE,Volklingen,Völklingen,DE09DE888,,,,,,,,,,,,2010: New entry as non-statistical port,,,,,,,,,,,,,,,
DE,DE09,DEVOL,Volkach,,DE09DE888,,,,,,,,,,,,2010: New entry as non-statistical port,,,,,,,,,,,,,,,
DE,DE09,DEWAC,Westeraccumersiel,,DE09DE888,,,,,,,,,,,,2010: New entry as non-statistical port,,,,,,,,,,,,,,,
DE,DE09,DEWEE,Weener,,DE09DE888,,,,,,,,,,,,2010: New entry as non-statistical port,,,,,,,,,,,,,,,
DE,DE09,DEWEN,Wenningstedt,,DE09DE888,,X,,,,,,,,,,2010: New entry as non-statistical port,W - Not a port according to UNECE,,,,,,,,,,,,,,
DE,DE09,DEWET,Wetzlar,,DE09DE888,,,,,,,,,,,,2010: New entry as non-statistical port,W - Not a port according to UNECE,,,,,,,,,,,,,,
DE,DE01,DEWEW,Wewelsfleth,,DE88N,,,2024: Change of MCA: Previously DE09,,,,,,,,,2010: New entry as non-statistical port,,,,,,,,,,,,,,,
DE,DE03,DEWIB,Wiesbaden,,DE09DE888,,,,,,,,,,,2011: Change of MCA: Previously DE09,2010: New entry as non-statistical port,,,,,,,,,,,,,,,
DE,DE09,DEWIE,Wiesens,,DE09DE888,,,,,,,,,,,,2010: New entry as non-statistical port,,,,,,,,,,,,,,,
DE,DE09,DEWIH,Wisch,,DE09DE888,,,,,,,,,,,,2010: New entry as non-statistical port,,,,,,,,,,,,,,,
DE,DE09,DEWIK,Wiek,,DE09DE888,,,,,,,,,,,,2010: New entry as non-statistical port,,,,,,,,,,,,,,,
DE,DE09,DEWIM,Wimmer,,DE09DE888,,,,,,,,,,,,2010: New entry as non-statistical port,,,,,,,,,,,,,,,
DE,DE09,DEWIT,Wittlage,,DE09DE888,,,,,,,,,,,,2010: New entry as non-statistical port,,,,,,,,,,,,,,,
DE,DE09,DEWLE,Walheim,,DE09DE888,,,,,,,,,,,,2010: New entry as non-statistical port,,,,,,,,,,,,,,,
DE,DE09,DEWLM,Walsum,,DE09DE888,,,,,,,,,,,,2010: New entry as non-statistical port,,,,,,,,,,,,,,,
DE,DE09,DEWNH,Windheim,,DE09DE888,,,,,,,,,,,,2010: New entry as non-statistical port,,,,,,,,,,,,,,,
DE,DE09,DEWOB,Wolfsburg,,DE09DE888,,,,,,,,,,,,2010: New entry as non-statistical port,,,,,,,,,,,,,,,
DE,DE09,DEWOE,Worth am Rhein,Wörth am Rhein,DE09DE888,,,,,,,,,,,,2010: New entry as non-statistical port,,,,,,,,,,,,,,,
DE,DE09,DEWOG,Worringen,,DE09DE888,,,,,,,,,,,,2010: New entry as non-statistical port,,,,,,,,,,,,,,,
DE,DE03,DEWOR,Worms,,DE09DE888,,,,,,,,,,,2011: Change of MCA: Previously DE09,2010: New entry as non-statistical port,,,,,,,,,,,,,,,
DE,DE09,DEWRE,Werne,,DE09DE888,,,,,,,,,,,,2010: New entry as non-statistical port,W - Not a port according to UNECE,,,,,,,,,,,,,,
DE,DE09,DEWTA,Worth an der Donau,Wörth an der Donau,DE09DE888,,,,,,,,,,,,2010: New entry as non-statistical port,,,,,,,,,,,,,,,
DE,DE09,DEWTG,Wittenberg,,DE09DE888,,,,,,,,,,,,2010: New entry as non-statistical port,,,,,,,,,,,,,,,
DE,DE09,DEWTP,Waltrop,,DE09DE888,,,,,,,,,,,,2010: New entry as non-statistical port,,,,,,,,,,,,,,,
DE,DE09,DEWUE,Wurzburg,Würzburg,DE09DE888,,,,,,,,,,,,2010: New entry as non-statistical port,,,,,,,,,,,,,,,
DE,DE09,DEZIN,Zinnowitz,,DE09DE888,,,,,,,,,,,,2010: New entry as non-statistical port,,,,,,,,,,,,,,,
DE,DE09,DEZIS,Zingst,,DE09DE888,,,,,,,,,,,,2010: New entry as non-statistical port,,,,,,,,,,,,,,,
EL,GR00,GRKAI,Kalamos I.,,GR888,,,,,,,,,,,2011: New entry as non statistical port,,2011: It is a small island that belongs to Ionian Islands .Probably with few commercial activity.,,,,,,,,,,,,,,
EL,GR00,GRKSI,Kastos I.,,GR888,,,,,,,,,,,2011: New entry as non statistical port,,2011: It is a small island that belongs to Ionian Islands .Probably with few commercial activity.,,,,,,,,,,,,,,
HR,HR00,HRFIL,Sv. Filip i Jakov,,HRBNM,,,,,,,,,2015: No traffic for last years and if any in the future only very minor,,,,,,,,,,,,,,,,,,
HR,HR00,HRKAL,Kali,,HRPRE,,,,,,,,,2015: No traffic for last years and if any in the future only very minor,,,,,,,,,,,,,,,,,,
HR,HR00,HRKUK,Kukljica,,HRPRE,,,,,,,,,2015: No traffic for last years and if any in the future only very minor,,,,,,,,,,,,,,,,,,
HR,HR00,HRMIZ,Mali Iz,,HRPRE,,,,,,,,,2015: No traffic for last years and if any in the future only very minor,,,,,,,,,,,,,,,,,,
HR,HR00,HRPAS,Pasman,,HRBNM,,,,,,,,,2015: No traffic for last years and if any in the future only very minor,,,,,,,,,,,,,,,,,,
HR,HR00,HRSPL,Splitska,,HRSUP,,,,,,,,,2015: No traffic for last years and if any in the future only very minor,,,,,,,,,,,,,,,,,,
HR,HR00,HRSUT,Sutivan,,HRSUP,,,,,,,,,2015: No traffic for last years and if any in the future only very minor,,,,,,,,,,,,,,,,,,
HR,HR00,HRVIZ,Veli Iz,,HRPRE,,,,,,,,,2015: No traffic for last years and if any in the future only very minor,,,,,,,,,,,,,,,,,,
LV,LV00,LVBMT,"Baltmarine Terminal, Riga",,LVRIX,,,,,,,2018: Moved from list 1,2017: New entry as non-statistical port,,,,,Is terminal in the territory of the port of Rīga (LVRIX),,,,,,,,,,,,,,
NL,NL00,NLAAM,Aalsmeer,,NL888,,,,,,,,,2015: New entry as non-statistical port,,,,,,,,,,,,,,,,,,
NL,NL00,NLAER,Almere,,NL888,,,,,,,,,2015: New entry as non-statistical port,,,,UNECE list to be update (status code to be updated),,,,,,,,,,,,,,
NL,NL00,NLAIJ,Andijk,,NL888,,,,,,,,,2015: New entry as non-statistical port,,,,UNECE list to be update (status code to be updated),,,,,,,,,,,,,,
NL,NL00,NLALK,Alkmaar,,NL888,,,,,,,,,2015: New entry as non-statistical port,,,,UNECE list to be update (status code to be updated),,,,,,,,,,,,,,
NL,NL00,NLALM,Almelo,,NL888,,,,,,,,,2015: New entry as non-statistical port,,,,UNECE list to be update (status code to be updated),,,,,,,,,,,,,,
NL,NL00,NLAME,Amersfoort,,NL888,,,,,,,,,2015: New entry as non-statistical port,,,,,,,,,,,,,,,,,,
NL,NL00,NLAMR,Amerongen,,NL888,,,,,,,,,2015: New entry as non-statistical port,,,,UNECE list to be update (status code to be updated),,,,,,,,,,,,,,
NL,NL00,NLANP,Anna Paulowna,,NL888,,,,,,,,,2015: New entry as non-statistical port,,,,UNECE list to be update (status code to be updated),,,,,,,,,,,,,,
NL,NL00,NLAPN,Alphen aan den Rijn,,NL888,,,,,,,,,2015: New entry as non-statistical port,,,,UNECE list to be update (status code to be updated),,,,,,,,,,,,,,
NL,NL00,NLAPP,Appingedam,,NL888,3.0,,,,,,,,2015: Re-introduced as non-statistical port,,2011: Deleted; No maritime traffic,,UNECE list to be update (status code to be updated) - 2000: Ex NL004,5319N 00651E,6.85,53.31666667,,,,,,,,,,,
NL,NL00,NLARC,Arcen,,NL888,,,,,,,,,2015: New entry as non-statistical port,,,,UNECE list to be update (status code to be updated),,,,,,,,,,,,,,
NL,NL00,NLARI,Aarle Rixtel,,NL888,,,,,,,,,2015: New entry as non-statistical port,,,,UNECE list to be update (status code to be updated),,,,,,,,,,,,,,
NL,NL00,NLBEM,Bemmel,,NL888,,,,,,,,,2015: New entry as non-statistical port,,,,UNECE list to be update (status code to be updated),,,,,,,,,,,,,,
NL,NL00,NLBFD,Belfeld,,NL888,,,,,,,,,2015: New entry as non-statistical port,,,,UNECE list to be update (status code to be updated),,,,,,,,,,,,,,
NL,NL00,NLBNN,Beuningen,,NL888,,,,,,,,,2015: New entry as non-statistical port,,,,UNECE list to be update (status code to be updated),,,,,,,,,,,,,,
NL,NL00,NLBOG,Bodegraven,,NL888,,,,,,,,,2015: New entry as non-statistical port,,,,,,,,,,,,,,,,,,
NL,NL00,NLBON,Born,,NL888,897.0,,,,,,,,2015: Re-introduced as non-statistical port,,2011: Deleted; No maritime traffic,,UNECE list to be update (status code to be updated) - 2000: Ex NL102,5101N 00548E,5.807893753,51.03120041,,,,,,,,,,,
NL,NL00,NLBRD,Breda,,NL888,758.0,,,,,,,,2015: Re-introduced as non-statistical port,,2011: Deleted; No maritime traffic,,UNECE list to be update (status code to be updated),5135N 00446E,4.781312288,51.58513624,,,,,,,,,,,
NL,NL00,NLBRI,Brielle,,NL888,,,,,,,,,2015: New entry as non-statistical port,,,,UNECE list to be update (status code to be updated),,,,,,,,,,,,,,
NL,NL00,NLBRM,Brummen,,NL888,,,,,,,,,2015: New entry as non-statistical port,,,,UNECE list to be update (status code to be updated),,,,,,,,,,,,,,
NL,NL00,NLBRO,Brouwershaven,,NL888,,,,,,,,,2015: New entry as non-statistical port,,,,,,,,,,,,,,,,,,
NL,NL00,NLBRR,Barendrecht,,NL888,,,,,,,,,2015: New entry as non-statistical port,,,,UNECE list to be update (status code to be updated),,,,,,,,,,,,,,
NL,NL00,NLBSE,Bruinisse,,NL888,,,,,,,,,2015: New entry as non-statistical port,,,,UNECE list to be update (status code to be updated),,,,,,,,,,,,,,
NL,NL00,NLBSK,Boskoop,,NL888,,,,,,,,,2015: New entry as non-statistical port,,,,UNECE list to be update (status code to be updated),,,,,,,,,,,,,,
NL,NL00,NLBST,Best,,NL888,,,,,,,,,2015: New entry as non-statistical port,,,,UNECE list to be update (status code to be updated),,,,,,,,,,,,,,
NL,NL00,NLBUD,Budel,,NL888,,,,,,,,,2015: New entry as non-statistical port,,,,,,,,,,,,,,,,,,
NL,NL00,NLBUN,Bunschoten,,NL888,,,,,,,,,2015: New entry as non-statistical port,,,,UNECE list to be update (status code to be updated),,,,,,,,,,,,,,
NL,NL00,NLCOE,Coevorden,,NL888,,,,,,,,,2015: New entry as non-statistical port,,,,UNECE list to be update (status code to be updated),,,,,,,,,,,,,,
NL,NL00,NLCUB,Culemborg,,NL888,,,,,,,,,2015: New entry as non-statistical port,,,,UNECE list to be update (status code to be updated),,,,,,,,,,,,,,
NL,NL00,NLDEL,Delden,,NL888,,,,,,,,,2015: New entry as non-statistical port,,,,UNECE list to be update (status code to be updated),,,,,,,,,,,,,,
NL,NL00,NLDFT,Delft,,NL888,,,,,,,,,2015: New entry as non-statistical port,,,,UNECE list to be update (status code to be updated),,,,,,,,,,,,,,
NL,NL00,NLDOE,Doesburg,,NL888,,,,,,,,,2015: New entry as non-statistical port,,,,UNECE list to be update (status code to be updated),,,,,,,,,,,,,,
NL,NL00,NLDOI,Doetinchem,,NL888,,,,,,,,,2015: New entry as non-statistical port,,,,UNECE list to be update (status code to be updated),,,,,,,,,,,,,,
NL,NL00,NLDON,Dongen,,NL888,,,,,,,,,2015: New entry as non-statistical port,,,,UNECE list to be update (status code to be updated),,,,,,,,,,,,,,
NL,NL00,NLDRO,Dronten,,NL888,,,,,,,,,2015: New entry as non-statistical port,,,,UNECE list to be update (status code to be updated),,,,,,,,,,,,,,
NL,NL00,NLECD,Echteld,,NL888,,,,,,,,,2015: New entry as non-statistical port,,,,,,,,,,,,,,,,,,
NL,NL00,NLEDM,Edam,,NL888,,,,,,,,,2015: New entry as non-statistical port,,,,UNECE list to be update (status code to be updated),,,,,,,,,,,,,,
NL,NL00,NLEIN,Eindhoven,,NL888,,,,,,,,,2015: New entry as non-statistical port,,,,UNECE list to be update (status code to be updated),,,,,,,,,,,,,,
NL,NL00,NLELB,Elburg,,NL888,,,,,,,,,2015: New entry as non-statistical port,,,,UNECE list to be update (status code to be updated),,,,,,,,,,,,,,
NL,NL00,NLENK,Enkhuizen,,NL888,,,,,,,,,2015: New entry as non-statistical port,,,,UNECE list to be update (status code to be updated),,,,,,,,,,,,,,
NL,NL00,NLENS,Enschede,,NL888,,,,,,,,,2015: New entry as non-statistical port,,,,UNECE list to be update (status code to be updated),,,,,,,,,,,,,,
NL,NL00,NLFAR,Farmsum,,NL888,,,,,,,,,2015: New entry as non-statistical port,,,,UNECE list to be update (status code to be updated),,,,,,,,,,,,,,
NL,NL00,NLGDM,Geldermalsen,,NL888,,,,,,,,,2015: New entry as non-statistical port,,,,UNECE list to be update (status code to be updated),,,,,,,,,,,,,,
NL,NL00,NLGET,Gendt,,NL888,,,,,,,,,2015: New entry as non-statistical port,,,,UNECE list to be update (status code to be updated),,,,,,,,,,,,,,
NL,NL00,NLGOE,Goes,,NL888,,,,,,,,,2015: New entry as non-statistical port,,,,UNECE list to be update (status code to be updated),,,,,,,,,,,,,,
NL,NL00,NLGOO,Goor,,NL888,,,,,,,,,2015: New entry as non-statistical port,,,,UNECE list to be update (status code to be updated),,,,,,,,,,,,,,
NL,NL00,NLGOU,Gouda,,NL888,513.0,,,,,,,,2015: Re-introduced as non-statistical port,,2011: Deleted; No maritime traffic,,UNECE list to be update (status code to be updated),5201N 00442E,4.7,52.01666667,,,,,,,,,,,
NL,NL00,NLHAA,Haarlem,,NL888,392.0,,,,,,,,2015: Re-introduced as non-statistical port,,2011: Deleted; No maritime traffic,,UNECE list to be update (status code to be updated),5223N 00439E,4.638940177,52.37842129,,,,,,,,,,,
NL,NL00,NLHAE,Haelen,,NL888,,,,,,,,,2015: New entry as non-statistical port,,,,UNECE list to be update (status code to be updated),,,,,,,,,,,,,,
NL,NL00,NLHBG,Hardenberg,,NL888,,,,,,,,,2015: New entry as non-statistical port,,,,UNECE list to be update (status code to be updated),,,,,,,,,,,,,,
NL,NL00,NLHDL,Hedel,,NL888,,,,,,,,,2015: New entry as non-statistical port,,,,UNECE list to be update (status code to be updated),,,,,,,,,,,,,,
NL,NL00,NLHEE,Heel,,NL888,,,,,,,,,2015: New entry as non-statistical port,,,,UNECE list to be update (status code to be updated),,,,,,,,,,,,,,
NL,NL00,NLHEJ,Heijen,,NL888,,,,,,,,,2015: New entry as non-statistical port,,,,UNECE list to be update (status code to be updated),,,,,,,,,,,,,,
NL,NL00,NLHIL,Hillegom,,NL888,,,,,,,,,2015: New entry as non-statistical port,,,,UNECE list to be update (status code to be updated),,,,,,,,,,,,,,
NL,NL00,NLHLM,Helmond,,NL888,,,,,,,,,2015: New entry as non-statistical port,,,,,,,,,,,,,,,,,,
NL,NL00,NLHLO,Heiloo,,NL888,,,,,,,,,2015: New entry as non-statistical port,,,,UNECE list to be update (status code to be updated),,,,,,,,,,,,,,
NL,NL00,NLHMS,Heemstede,,NL888,,,,,,,,,2015: New entry as non-statistical port,,,,UNECE list to be update (status code to be updated),,,,,,,,,,,,,,
NL,NL00,NLHOU,Houten,,NL888,,,,,,,,,2015: New entry as non-statistical port,,,,UNECE list to be update (status code to be updated),,,,,,,,,,,,,,
NL,NL00,NLHOV,Hoogeveen,,NL888,,,,,,,,,2015: New entry as non-statistical port,,,,UNECE list to be update (status code to be updated),,,,,,,,,,,,,,
NL,NL00,NLHRD,Harderwijk,,NL888,,,,,,,,,2015: New entry as non-statistical port,,,,UNECE list to be update (status code to be updated),,,,,,,,,,,,,,
NL,NL00,NLHRN,Hoorn,,NL888,,,,,,,,,2015: New entry as non-statistical port,,,,UNECE list to be update (status code to be updated),,,,,,,,,,,,,,
NL,NL00,NLHRV,Heerenveen,,NL888,,,,,,,,,2015: New entry as non-statistical port,,,,UNECE list to be update (status code to be updated),,,,,,,,,,,,,,
NL,NL00,NLHRW,Heerewaarden,,NL888,,,,,,,,,2015: New entry as non-statistical port,,,,UNECE list to be update (status code to be updated),,,,,,,,,,,,,,
NL,NL00,NLHSL,Hellevoetsluis,,NL888,,,,,,,,,2015: New entry as non-statistical port,,,,,,,,,,,,,,,,,,
NL,NL00,NLHTM,Hattem,,NL888,,,,,,,,,2015: New entry as non-statistical port,,,,,,,,,,,,,,,,,,
NL,NL00,NLHTR,Heteren,,NL888,,,,,,,,,2015: New entry as non-statistical port,,,,UNECE list to be update (status code to be updated),,,,,,,,,,,,,,
NL,NL00,NLHUM,Heumen,,NL888,,,,,,,,,2015: New entry as non-statistical port,,,,,,,,,,,,,,,,,,
NL,NL00,NLHVS,Hilversum,,NL888,,,,,,,,,2015: New entry as non-statistical port,,,,UNECE list to be update (status code to be updated),,,,,,,,,,,,,,
NL,NL00,NLKSL,Kessel,,NL888,929.0,,,,,,,,2015: Re-introduced as non-statistical port,,2011: Deleted; No maritime traffic,,UNECE list to be update (status code to be updated) - 2004: ex NL032,5148N 00523E,6.05329895,51.29154205,,,,,,,,,,,
NL,NL00,NLKST,Kesteren,,NL888,,,,,,,,,2015: New entry as non-statistical port,,,,UNECE list to be update (status code to be updated),,,,,,,,,,,,,,
NL,NL00,NLLAV,Loenen aan de Vecht,,NL888,,,,,,,,,2015: New entry as non-statistical port,,,,UNECE list to be update (status code to be updated),,,,,,,,,,,,,,
NL,NL00,NLLAW,Lage Weide,,NL888,,,,,,,,,2015: New entry as non-statistical port,,,,UNECE list to be update (status code to be updated),,,,,,,,,,,,,,
NL,NL00,NLLDD,Leiderdorp,,NL888,,,,,,,,,2015: New entry as non-statistical port,,,,UNECE list to be update (status code to be updated),,,,,,,,,,,,,,
NL,NL00,NLLEY,Lelystad,,NL888,995.0,,,,,,,,2015: Re-introduced as non-statistical port,,2011: Deleted; No maritime traffic,,UNECE list to be update (status code to be updated) - 2004: ex NL034,5230N 00526E,5.474966132,52.51108529,,,,,,,,,,,
NL,NL00,NLLID,Leiden,,NL888,,,,,,,,,2015: New entry as non-statistical port,,,,UNECE list to be update (status code to be updated),,,,,,,,,,,,,,
NL,NL00,NLLIE,Lienden,,NL888,,,,,,,,,2015: New entry as non-statistical port,,,,,,,,,,,,,,,,,,
NL,NL00,NLLIT,Lith,,NL888,,,,,,,,,2015: New entry as non-statistical port,,,,,,,,,,,,,,,,,,
NL,NL00,NLLRD,Leerdam,,NL888,,,,,,,,,2015: New entry as non-statistical port,,,,UNECE list to be update (status code to be updated),,,,,,,,,,,,,,
NL,NL00,NLMAR,Markelo,,NL888,,,,,,,,,2015: New entry as non-statistical port,,,,UNECE list to be update (status code to be updated),,,,,,,,,,,,,,
NL,NL00,NLMAU,Maurik,,NL888,,,,,,,,,2015: New entry as non-statistical port,,,,UNECE list to be update (status code to be updated),,,,,,,,,,,,,,
NL,NL00,NLMLR,Millingen aan de Rijn,,NL888,,,,,,,,,2015: New entry as non-statistical port,,,,,,,,,,,,,,,,,,
NL,NL00,NLMUD,Muiden,,NL888,,,,,,,,,2015: New entry as non-statistical port,,,,,,,,,,,,,,,,,,
NL,NL00,NLNAW,Naaldwijk,,NL888,,,,,,,,,2015: New entry as non-statistical port,,,,UNECE list to be update (status code to be updated),,,,,,,,,,,,,,
NL,NL00,NLNDB,Nederhorst den Berg,,NL888,,,,,,,,,2015: New entry as non-statistical port,,,,UNECE list to be update (status code to be updated),,,,,,,,,,,,,,
NL,NL00,NLNIE,Nieuwerkerk aan den IJssel,,NL888,,,,,,,,,2015: New entry as non-statistical port,,,,UNECE list to be update (status code to be updated),,,,,,,,,,,,,,
NL,NL00,NLNKK,Nijkerk,,NL888,267.0,,,,,,,,2015: Re-introduced as non-statistical port,,2011: Deleted; No maritime traffic,,UNECE list to be update (status code to be updated) - 2004: ex NL083,5213N 00528E,5.46904138,52.25726272,,,,,,,,,,,
NL,NL00,NLNWG,Nieuwegein,,NL888,,,,,,,,,2015: New entry as non-statistical port,,,,UNECE list to be update (status code to be updated),,,,,,,,,,,,,,
NL,NL00,NLOBL,Oud-Beijerland,,NL888,,,,,,,,,2015: New entry as non-statistical port,,,,UNECE list to be update (status code to be updated),,,,,,,,,,,,,,
NL,NL00,NLOGE,Oegstgeest,,NL888,,,,,,,,,2015: New entry as non-statistical port,,,,UNECE list to be update (status code to be updated),,,,,,,,,,,,,,
NL,NL00,NLOIH,Oirschot,,NL888,,,,,,,,,2015: New entry as non-statistical port,,,,UNECE list to be update (status code to be updated),,,,,,,,,,,,,,
NL,NL00,NLPUM,Purmerend,,NL888,,,,,,,,,2015: New entry as non-statistical port,,,,UNECE list to be update (status code to be updated),,,,,,,,,,,,,,
NL,NL00,NLQCU,Elst,,NL888,,,,,,,,,2015: New entry as non-statistical port,,,,UNECE list to be update (status code to be updated),,,,,,,,,,,,,,
NL,NL00,NLQDG,Lisse,,NL888,,,,,,,,,2015: New entry as non-statistical port,,,,UNECE list to be update (status code to be updated),,,,,,,,,,,,,,
NL,NL00,NLQDS,Raalte,,NL888,,,,,,,,,2015: New entry as non-statistical port,,,,UNECE list to be update (status code to be updated),,,,,,,,,,,,,,
NL,NL00,NLRAS,Ravenstein,,NL888,,,,,,,,,2015: New entry as non-statistical port,,,,UNECE list to be update (status code to be updated),,,,,,,,,,,,,,
NL,NL00,NLRBG,Rijnsburg,,NL888,,,,,,,,,2015: New entry as non-statistical port,,,,UNECE list to be update (status code to be updated),,,,,,,,,,,,,,
NL,NL00,NLRHD,Rheden,,NL888,275.0,,,,,,,,2015: Re-introduced as non-statistical port,,2011: Deleted; No maritime traffic,,UNECE list to be update (status code to be updated) - 2004: ex NL062,5200N 00600E,6.030491352,52.00556946,,,,,,,,,,,
NL,NL00,NLRUK,Breukelen,,NL888,,,,,,,,,2015: New entry as non-statistical port,,,,UNECE list to be update (status code to be updated),,,,,,,,,,,,,,
NL,NL00,NLRYS,Rijswijk,,NL888,603.0,,,,,,,,2015: New entry as non-statistical port,,,,UNECE list to be update (status code to be updated),,,,,,,,,,,,,,
NL,NL00,NLSCH,Schagen,,NL888,,,,,,,,,2015: New entry as non-statistical port,,,,UNECE list to be update (status code to be updated),,,,,,,,,,,,,,
NL,NL00,NLSDN,Steenderen,,NL888,,,,,,,,,2015: New entry as non-statistical port,,,,UNECE list to be update (status code to be updated),,,,,,,,,,,,,,
NL,NL00,NLSHH,Schoonhoven,,NL888,,,,,,,,,2015: New entry as non-statistical port,,,,UNECE list to be update (status code to be updated),,,,,,,,,,,,,,
NL,NL00,NLSMG,Schiermonnikoog,,NL888,,,,,,,,,2015: New entry as non-statistical port,,,,UNECE list to be update (status code to be updated),,,,,,,,,,,,,,
NL,NL00,NLSND,Schijndel,,NL888,,,,,,,,,2015: New entry as non-statistical port,,,,UNECE list to be update (status code to be updated),,,,,,,,,,,,,,
NL,NL00,NLSON,Son,,NL888,,,,,,,,,2015: New entry as non-statistical port,,,,,,,,,,,,,,,,,,
NL,NL00,NLSPI,Spijkenisse,,NL888,,,,,,,,,2015: New entry as non-statistical port,,,,,,,,,,,,,,,,,,
NL,NL00,NLTHO,Tholen,,NL888,,,,,,,,,2015: New entry as non-statistical port,,,,,,,,,,,,,,,,,,
NL,NL00,NLTLB,Tilburg,,NL888,,,,,,,,,2015: New entry as non-statistical port,,,,UNECE list to be update (status code to be updated),,,,,,,,,,,,,,
NL,NL00,NLURK,Urk,,NL888,,,,,,,,,2015: New entry as non-statistical port,,,,UNECE list to be update (status code to be updated),,,,,,,,,,,,,,
NL,NL00,NLVAN,Vianen,,NL888,,,,,,,,,2015: New entry as non-statistical port,,,,UNECE list to be update (status code to be updated),,,,,,,,,,,,,,
NL,NL00,NLVER,Veere,,NL888,,,,,,,,,2015: New entry as non-statistical port,,,,,,,,,,,,,,,,,,
NL,NL00,NLVLL,Vlieland,,NL888,,,,,,,,,2015: New entry as non-statistical port,,,,,,,,,,,,,,,,,,
NL,NL00,NLVOB,Voorburg,,NL888,,,,,,,,,2015: New entry as non-statistical port,,,,UNECE list to be update (status code to be updated),,,,,,,,,,,,,,
NL,NL00,NLVOS,Voorschoten,,NL888,,,,,,,,,2015: New entry as non-statistical port,,,,UNECE list to be update (status code to be updated),,,,,,,,,,,,,,
NL,NL00,NLVWD,Vlagtwedde,,NL888,48.0,,,,,,,,2015: New entry as non-statistical port,,,,UNECE list to be update (status code to be updated),,,,,,,,,,,,,,
NL,NL00,NLWAD,Waddinxveen,,NL888,,,,,,,,,2015: New entry as non-statistical port,,,,UNECE list to be update (status code to be updated),,,,,,,,,,,,,,
NL,NL00,NLWBD,Wijk bij Duurstede,,NL888,,,,,,,,,2015: New entry as non-statistical port,,,,UNECE list to be update (status code to be updated),,,,,,,,,,,,,,
NL,NL00,NLWCM,Woudrichem,,NL888,,,,,,,,,2015: New entry as non-statistical port,,,,,,,,,,,,,,,,,,
NL,NL00,NLWLK,Waalwijk,,NL888,867.0,,,,,,,,2015: Re-introduced as non-statistical port,,2011: Deleted; No maritime traffic,,UNECE list to be update (status code to be updated),5141N 00503E,5.071538448,51.68211365,,,,,,,,,,,
NL,NL00,NLWOR,Woerden,,NL888,,,,,,,,,2015: New entry as non-statistical port,,,,UNECE list to be update (status code to be updated),,,,,,,,,,,,,,
NL,NL00,NLWRG,Wieringen,,NL888,,,,,,,,,2015: New entry as non-statistical port,,,,,,,,,,,,,,,,,,
NL,NL00,NLWRM,Warmond,,NL888,,,,,,,,,2015: New entry as non-statistical port,,,,UNECE list to be update (status code to be updated),,,,,,,,,,,,,,
NL,NL00,NLWRT,Weert,,NL888,,,,,,,,,2015: New entry as non-statistical port,,,,UNECE list to be update (status code to be updated),,,,,,,,,,,,,,
NL,NL00,NLWSC,Winschoten,,NL888,,,,,,,,,2015: New entry as non-statistical port,,,,UNECE list to be update (status code to be updated),,,,,,,,,,,,,,
NL,NL00,NLWSP,Weesp,,NL888,,,,,,,,,2015: New entry as non-statistical port,,,,UNECE list to be update (status code to be updated),,,,,,,,,,,,,,
NL,NL00,NLWTE,West-Terschelling,,NL888,,,,,,,,,2015: New entry as non-statistical port,,,,,,,,,,,,,,,,,,
NL,NL00,NLZEW,Zeewolde,,NL888,,,,,,,,,2015: New entry as non-statistical port,,,,UNECE list to be update (status code to be updated),,,,,,,,,,,,,,
NL,NL00,NLZUL,Zuidland,,NL888,,,,,,,,,2015: New entry as non-statistical port,,,,UNECE list to be update (status code to be updated),,,,,,,,,,,,,,
NL,NL00,NLZUT,Zutphen,,NL888,301.0,,,,,,,,2015: Re-introduced as non-statistical port,,2011: Deleted; No maritime traffic,,UNECE list to be update (status code to be updated) - 2004: ex NL108,5208N 00612E,6.2,52.13333333,,,,,,,,,,,
NL,NL00,NLZWS,Zwartsluis,,NL888,,,,,,,,,2015: New entry as non-statistical port,,,,,,,,,,,,,,,,,,
NO,NO00,NOAAA,A in Lofoten,Å in Lofoten,,,,,,,2019: New entry as minor port,,,,,,,,North Sea,12.98303,67.88169,,,,,,,,,,,
NO,NO00,NOAFS,Annfinnslett,,NOLOD,,,,,,2019: New entry as minor port (Moved from List 1),,,2015: New entry as non-statistical port,,,,,North Sea,6820N 01526E,,,,,,,,,,,,
NO,NO00,NOARF,Arnafjord,,,,,,,,2019: New entry as minor port,,,,,,,,North Sea,6.38705,61.02315,,,,,,,,,,,
NO,NO00,NOARS,Arstein,,,,,,,,2019: New entry as minor port,,,,,,,,North Sea,7.151943333,58.03981,,,,,,,,,,,
NO,NO00,NOATA,Atangen,,,,,,,,2019: New entry as minor port,,,,,,,,North Sea,9.34848,58.86582,,,,,,,,,,,
NO,NO00,NOAUS,Austvika,,NOLEF,,,,,,2019: New entry as minor port (Moved from List 1),,,2015: New entry as non-statistical port,,,,,North Sea,6611N 01314E,,,,,,,,,,,,
NO,NO00,NOBAF,Balsfjord,,,,,,,,,,,2015: Moved from List 1 - Currently not surveyed - Minor port - Change in port name (previously: Balsfjord/Bergneset),,,,2004: New entry,North Sea,6919N 01921E,,,,,,,,,,,,
NO,NO00,NOBAL,Baly,,,,,,,,2019: New entry as minor port,,,,,,,,North Sea,17.538762,68.689562,,,,,,,,,,,
NO,NO00,NOBJD,Bjordal,,,,,,,,2019: New entry as minor port,,,,,,,,North Sea,5.83193,61.07716,,,,,,,,,,,
NO,NO00,NOBJX,Bjorkas,Bjørkås,,,,,,,,,,2015: New entry - Currently not surveyed - Minor port,,,,,North Sea,5947.50N 1029.38E,,,,,,,,,,,,
NO,NO00,NOBOG,Bogen,,,,,,,,,,,2015: New entry - Currently not surveyed - Minor port,,,,,North Sea,6831N 01659E,,,,,,,,,,,,
NO,NO00,NOBON,Bognes,,,,,,,,2019: New entry as minor port,,,,,,,,North Sea,16.07383333,68.224,,,,,,,,,,,
NO,NO00,NOBOS,Borkenes,,,,,,,,,,,2015: New entry - Currently not surveyed - Minor port,,,,,North Sea,,6846N 01610E,,,,,,,,,,,
NO,NO00,NOBTH,Botnhamn,,,,,,,,,,,2015: New entry - Currently not surveyed - Minor port,,,,,North Sea,,6931N 01754E,,,,,,,,,,,
NO,NO00,NOBUF,Burfjord,,NOKVN,,,,,,2019: New entry as minor port (Moved from List 1),,"2017: Change of code: previously temporary code NO113 - Change in port name (previously: Burfjord, Kvanangen)",2015: New entry as non-statistical port,,,,,North Sea,6956N 02202E,,,,,,,,,,,,
NO,NO00,NOBUV,Buvika,,,,,,,,2019: New entry as minor port (Moved from List 4),,,2015: NO informed that it is not a port,,,,,North Sea,10.16269,63.31224,60.56666667,,,,,,,,,,
NO,NO00,NOBVB,Breivikbotn,,,,,,,,,,,2015: New entry - Currently not surveyed - Minor port,,,,,North Sea,,7035N 02217E,,,,,,,,,,,
NO,NO00,NODDY,Espenesbogen,,,,,,,,2019: New entry as minor port,,,,,,,,North Sea,17.75818,69.11596,,,,,,,,,,,
NO,NO00,NODIR,Dirdal,,NO88A,,,,,,2019: New entry as minor port (Moved from List 1),,2017: Previously Ref stat port NO888,,,2011: Re-introduced as non statistical port (Ex NO405),,2004: Re-grouped with Gjesdal under code NOGJS - 2000: Deleted ,North Sea,5850N 00610E,6.16885,,,,,,,,,,,
NO,NO00,NODRG,Drag,,,,,,,,2019: New entry as minor port,,,,,,,,North Sea,16.07943333,68.04756,,,,,,,,,,,
NO,NO00,NODRK,Drobak,Drøbak,,,,,,,,,,2015: New entry - Currently not surveyed - Minor port,,,,,North Sea,5939N 01037E,,,,,,,,,,,,
NO,NO00,NODYL,Dyroyhamn,Dyrøyhamn,,,,,,,2019: New entry as minor port,,,,,,,,North Sea,17.4391,69.01128,,,,,,,,,,,
NO,NO00,NOEDD,Eidsdal,,,,,,,,2019: New entry as minor port,,,,,,,,North Sea,7.17235,62.26283,,,,,,,,,,,
NO,NO00,NOEDF,Eidfjord (i SFj),,,,,,,,,,,2015: Moved from List 1 - Currently not surveyed - Minor port,,,2010: To be deleted - Port for small or fishing boats,2004: New entry,North Sea,6028N 00704E,7.070128918,,,,,,,,,,,
NO,NO00,NOEGG,Eggesbones,,,,,,,,,,,2015: New entry - Currently not surveyed - Minor port,,,,,North Sea,,6219N 00538E,60.46532822,,,,,,,,,,
NO,NO00,NOEIL,Eidslandet,,,,,,,,,,,2015: New entry - Currently not surveyed - Minor port,,,,,North Sea,,6043N 00547E,,,,,,,,,,,
NO,NO00,NOEVT,Evenestangen,,,,,,,,2019: New entry as minor port,,,,,,,,North Sea,16.6915,68.4561,,,,,,,,,,,
NO,NO00,NOEVV,Eivindvik,,NOGUL,,,,,,2019: New entry as minor port (Moved from List 1),,,2015: New entry as non-statistical port,,,,,North Sea,6059N 00505E,,,,,,,,,,,,
NO,NO00,NOEYD,Eydehavn,,NOARE,,,,,,2019: New entry as minor port (Moved from List 1),,,2015: New entry as non-statistical port,,,,,North Sea,5830N 00852E,,,,,,,,,,,,
NO,NO00,NOFAX,Fagerstrand/Nesodden,,,,,,,,2019: New entry as minor port,,,2015: NO informed it is not a port - NONEO should be used,,,2010: To be deleted - Port for small or fishing boats,2004: New entry - ex NOOSF,North Sea,5944N 01036E,10.58557444,58.83848,,,,,,,,,,
NO,NO00,NOFIN,Finneidfjord,,,,,,,,2019: New entry as minor port,,,,,,,,North Sea,13.78398,66.19147,,,,,,,,,,,
NO,NO00,NOFIT,Fitjar,,,,,,,,,,,2015: Moved from List 1 - Currently not surveyed - Minor port,,,2010: To be deleted - Port for small or fishing boats,2004: New entry,North Sea,5.321432113,59.91882324,,,,,,,,,,,
NO,NO00,NOFJL,Fjelldal,,,,,,,,,,,2015: New entry - Currently not surveyed - Minor port,,,,,North Sea,6833N 01631E,,,,,,,,,,,,
NO,NO00,NOFLA,Flam,Flåm,NOAUL,,,,,,2019: New entry as minor port (Moved from List 1),,,2015: New entry as non-statistical port,,,,,North Sea,6052N 00707E,,,,,,,,,,,,
NO,NO00,NOFNS,Forneset,,NOTOS,,,,,,2019: New entry as minor port,,,2015: New entry as non-statistical por,,,,,North Sea,6936N 01954E,,,,,,,,,,,,
NO,NO00,NOFNY,Finnoy,Finnøy,,,,,,,,,,2015: Moved from List 1 - Currently not surveyed - Minor port,,,2010: To be deleted - Port for small or fishing boats,2004: New entry,North Sea,,,,,,,,,,,,,
NO,NO00,NOFOR,Forsand,,NO88A,,,,,,2019: New entry as minor port (Moved from List 1),,2017: Previously Ref stat port NO888,,,,2010: Definition of the reference statistical port as NO888,2004: New entry,North Sea,5857N 00605E,,,,,,,,,,,,
NO,NO00,NOFOS,Fosnavag,Fosnavåg,NO88A,,,,,,2019: New entry as minor port (Moved from List 1),,2017: Moved from list 1bis,2015: Moved from List 1 - Currently not surveyed - Minor port - Change in port name (previously: Fosnavåg/Herøy),,,2010: To be deleted - Port for small or fishing boats,2004: New entry,North Sea,6221N 00538E,,59.73513042,,,,,,,,,,
NO,NO00,NOFSK,Fiskabygd - Vanylven,,,,,,,,2019: New entry as minor port,,,,,,,,North Sea,5.8454,62.09493,,,,,,,,,,,
NO,NO00,NOFYS,Fjarland,,,,,,,,2019: New entry as minor port,,,,,,,,North Sea,6.74112,61.40454,,,,,,,,,,,
NO,NO00,NOGIL,Gildeskal,Gildeskål,,,,,,,,,,2015: Moved from List 1 - Currently not surveyed - Minor port,,,2010: To be deleted - Port for small or fishing boats,2004: New entry,North Sea,6704N 01403E,,,,,,,,,,,,
NO,NO00,NOGPN,Gaupne,,NOLUS,,,,,,2019: New entry as minor port (Moved from List 1),,,2015: New entry as non-statistical port,,,,,North Sea,6124N 00718E,,,,,,,,,,,,
NO,NO00,NOGRF,Grovfjord,,,,,,,,2019: New entry as minor port,,,,,,,,North Sea,17.11754,68.68073,,,,,,,,,,,
NO,NO00,NOGRI,Granerudstoa,,,,,,,,2019: New entry as minor port,,,,,,,,North Sea,10.5936,59.77857,,,,,,,,,,,
NO,NO00,NOGRY,Gryllefjord,,,,,,,,,,,2015: New entry - Currently not surveyed - Minor port,,,,,North Sea,,6922N 01705E,,,,,,,,,,,
NO,NO00,NOGUD,Gudvangen,,NOAUL,,,,,,2019: New entry as minor port (Moved from List 1),,,2015: New entry as non-statistical port,,,,,North Sea,6051N 00649E,,,,,,,,,,,,
NO,NO00,NOHBT,Hamnbukt - Porsanger,,NOHVG,,,,,,2019: New entry as minor port (Moved from List 1) and change of port name (previously Hamnbukt),,,2015: New entry as non-statistical port,,,,,North Sea,7005N 02502E,,,,,,,,,,,,
NO,NO00,NOHEM,Haeimsvika,Håeimsvika,NOAES,,,,,,2019: New entry as minor port (Moved from List 1) and change of port name (previously Haem),,,2015: New entry as non-statistical port,,,,,North Sea,6229N 00642E,,,,,,,,,,,,
NO,NO00,NOHER,Hermansverk,,,,,,,,,,,2015: Moved from List 1 - Currently not surveyed - Minor port - Change in port name (previously: Herøy (i Nordland)),,,2010: To be deleted - Port for small or fishing boats,2004: New entry,North Sea,6111N 00650E,6.833225243,,,,,,,,,,,
NO,NO00,NOHFL,Hammerfall,,NOSOF,,,,,,2019: New entry as minor port (Moved from List 1),,,2015: Change of ref stat port (previoulsy NO888); from 2012,,2011: Change in Port name (previously Hammerfall/Sørfold),2010: Definition of the reference statistical port as NO888,"2004: New entry - Ex NO412 non statistical port (NO198 Sorfold as statistical port) - Change in port name replacing ""Hammerfall"" (1998) - 2000: Deleted ",North Sea,6723N 01532E,,,,,,,,,,,,
NO,NO00,NOHNE,Hemnesberget,,,,,,,,,,,2015: New entry - Currently not surveyed - Minor port,,,,,North Sea,,6614N 01338E,,,,,,,,,,,
NO,NO00,NOHSL,Hovland,,,,,,,,2019: New entry as minor port,,,,,,,,North Sea,6.6149,60.23542,,,,,,,,,,,
NO,NO00,NOHSS,Husoy,Husøy,,,,,,,,,,2015: New entry - Currently not surveyed - Minor port,,,,,North Sea,,6932N 01740E,,,,,,,,,,,
NO,NO00,NOHVA,Hvaler,,,,,,,,,,,2015: New entry - Currently not surveyed - Minor port,,,,,North Sea,5901N 01102E,,,,,,,,,,,,
NO,NO00,NOHVK,Hasvik,,,,,,,,,,,2015: Moved from List 1 - Currently not surveyed - Minor port,,,2010: To be deleted - Port for small or fishing boats,2004: New entry,North Sea,,,,,,,,,,,,,
NO,NO00,NOINN,Innhavet,,,,,,,,2019: New entry as minor port,,,,,,,,North Sea,15.92384,67.96397,,,,,,,,,,,
NO,NO00,NOJOS,Jossingfjord (public),,NO88A,,,,,,2019: New entry as minor port (Moved from List 1),,2017: New entry as non-statistical port - Code for public port,,,,,2004: Re-grouped with Sokndal and Rekefjord under code NOSOK - 2000: Deleted ,North Sea,5819N 00621E ,,,,,,,,,,,,
NO,NO00,NOKAH,Karvikhamn,,,,,,,,2019: New entry as minor port,,,,,,,,North Sea,18.157,69.39762,,,,,,,,,,,
NO,NO00,NOKDL,Kvanndal,,NOGRV,,,,,,2019: New entry as minor port (Moved from List 1),,,2015: New entry as non-statistical port,,,,,North Sea,6029N 00636E,,,,,,,,,,,,
NO,NO00,NOKJK,Kjopsvik,,NO88A,,,,,,2019: New entry as minor port (Moved from List 1),,2017: Previously Ref stat port NO888,,,2011: Re-introduced as non statistical port (Ex NO414),,2004: Re-grouped with Tysfjord under code NOTYF - 2000: Deleted ,North Sea,6805N 01622E,,,,,,,,,,,,
NO,NO00,NOKLD,Kolvereid,,,,,,,,2019: New entry as minor port,,,,,,,,North Sea,11.6225,64.86166667,,,,,,,,,,,
NO,NO00,NOKPG,Kaupanger,,NOSOG,,,,,,2019: New entry as minor port (Moved from List 1),,,2015: New entry as non-statistical port,,,,,North Sea,6111N 00715E,,,,,,,,,,,,
NO,NO00,NOKSY,Kvitsoy,Kvitsøy,,,,,,,,,,2015: Moved from List 1 - Currently not surveyed - Minor port,,,2010: To be deleted - Port for small or fishing boats,2004: New entry,North Sea,,,,,,,,,,,,,
NO,NO00,NOKUV,Kuvika,,NOHVG,,,,,,2019: New entry as minor port (Moved from List 1),,,2015: New entry as non-statistical port,,,,,North Sea,7103N 02555E,,,,,,,,,,,,
NO,NO00,NOLAO,Langoya,Langøya,,,,,,,2019: New entry as minor port,,,,,,,,North Sea,10.37833167,59.49333333,,,,,,,,,,,
NO,NO00,NOLAS,Lenangen Sondre,Lenangen Søndre,,,,,,,2019: New entry as minor port,,,,,,,,North Sea,19.98811,69.81282,,,,,,,,,,,
NO,NO00,NOLAV,Lavangen,,,,,,,,,,,2015: Moved from List 1 - Currently not surveyed - Minor port,,,2010: To be deleted - Port for small or fishing boats,2004: New entry,North Sea,,,,,,,,,,,,,
NO,NO00,NOLAY,Lenangsoyra,,,,,,,,2019: New entry as minor port,,,,,,,,North Sea,19.9881,69.81288,,,,,,,,,,,
NO,NO00,NOLEN,Lensvik,,NOSEV,,,,,,2019: New entry as minor port (Moved from List 1) - Change of statistical port (previously NOADG),,,2015: New entry as non-statistical port,,,,,North Sea,6330N 00948E,UNECE list to be update (status code to be updated),,,,,,,,,,,
NO,NO00,NOLEP,Leirpollen,,,,,,,,,,,2015: Moved from List 1 - Currently not surveyed - Minor port,,2011: Re-introduced as non statistical port (Ex NO415),,2004: Re-grouped with Tana under code NOTAA - 2000: Deleted ,North Sea,,,,,,,,,,,,,
NO,NO00,NOLRA,Lura,,NOSAS,,,,,,2019: New entry as minor port (Moved from List 1),,,2015: New entry as non-statistical port,,,,,North Sea,5852N 00544E,,,,,,,,,,,,
NO,NO00,NOLRD,Laerdal,Lærdal,,,,,,,,,,2015: Moved from List 1 - Currently not surveyed - Minor port,,,2010: To be deleted - Port for small or fishing boats,2004: New entry,North Sea,,,,,,,,,,,,,
NO,NO00,NOLRK,Larkollen,,,,,,,,,,,2015: New entry - Currently not surveyed - Minor port,,,,,North Sea,5919N 01040E,,,,,,,,,,,,
NO,NO00,NOLUR,Luroy,Lurøy,,,,,,,,,,2015: Moved from List 1 - Currently not surveyed - Minor port,,,2010: To be deleted - Port for small or fishing boats,2004: New entry,North Sea,,,,,,,,,,,,,
NO,NO00,NOLYF,Lysebotn,,,,,,,,,,,2015: New entry - Currently not surveyed - Minor port,,,,,North Sea,,5903N 00640E,,,,,,,,,,,
NO,NO00,NOLYS,Lysaker,,NOBAR,,,,,,2019: New entry as minor port (Moved from List 1),,,2015: New entry as non-statistical port,,,,,North Sea,5954N 01036E,,,,,,,,,,,,
NO,NO00,NOMAT,Matre,,,,,,,,,,,2015: New entry - Currently not surveyed - Minor port,,,,,North Sea,,6053N 00534E,,,,,,,,,,,
NO,NO00,NOMLS,Melhus,,,,,,,,,,,2015: Moved from List 1 - Currently not surveyed - Minor port,,,2010: To be deleted - Port for small or fishing boats,2004: New entry,North Sea,10.27439213,63.28735733,,,,,,,,,,,
NO,NO00,NOMLT,Moldtustranda,,,,,,,,,,,2015: New entry - Currently not surveyed - Minor port,,,,,North Sea,,6217N 00537E,,,,,,,,,,,
NO,NO00,NOMOR,Morsvikbotn,,,,,,,,2019: New entry as minor port,,,,,,,,North Sea,15.83995167,67.69564,,,,,,,,,,,
NO,NO00,NONKB,Nordkjosbotn,,,,,,,,2019: New entry as minor port (Moved from List 4),,,2015: NO informed that it is not a port,,,,,North Sea,6913N 01933E,19.35687,,,,,,,,,,,
NO,NO00,NONOL,Nordlenangen,,,,,,,,2019: New entry as minor port,,,,,,,,North Sea,20.16343,69.90928,,,,,,,,,,,
NO,NO00,NONOR,Nordreisa,,,,,,,,,,,2015: Moved from List 1 - Currently not surveyed - Minor port,,,2010: To be deleted - Port for small or fishing boats,2004: New entry,North Sea,,,,,,,,,,,,,
NO,NO00,NONYE,Nyelv,,,,,,,,2019: New entry as minor port,,,,,,,,North Sea,28.86934,70.0758,,,,,,,,,,,
NO,NO00,NOOLT,Frafjord,,,,,,,,,,,2015: New entry - Currently not surveyed - Minor port,,,,,North Sea,,5850N 00618E,,,,,,,,,,,
NO,NO00,NOOMB,Ombo,,,,,,,,2019: New entry as minor port,,,,,,,,North Sea,6.02233,59.23581,,,,,,,,,,,
NO,NO00,NOORV,Ortnevik,,NOHYR,,,,,,2019: New entry as minor port (Moved from List 1),,,2015: New entry as non-statistical port,,,,,North Sea,6106N 00608E,,69.2381,,,,,,,,,,
NO,NO00,NOOTO,Ottersoy,Ottersøya,,,,,,,2019: New entry as minor port,,,,,,,,North Sea,11.28448,64.85834,,,,,,,,,,,
NO,NO00,NORAM,Ramsund,,,,,,,,,,,2015: New entry - Currently not surveyed - Minor port,,,,,North Sea,6829N 01630E,,,,,,,,,,,,
NO,NO00,NORBV,Raubergvika,,,,,,,,,,,2015: New entry - Currently not surveyed - Minor port,,,,,North Sea,,6216N 00703E,,,,,,,,,,,
NO,NO00,NOREI,Reine,,NOMSK,,,,,,2019: New entry as minor port (Moved from List 1),,,2015: New entry as non-statistical port,,,,,North Sea,6805N 01331E,UNECE list to be update (status code to be updated),,,,,,,,,,,
NO,NO00,NOREP,Repparfjord,,,,,,,,2019: New entry as minor port,,,,,,,,North Sea,24.282233,70.454717,,,,,,,,,,,
NO,NO00,NORET,Rost,Røst,,,,,,,,,,2015: Moved from List 1 - Currently not surveyed - Minor port,,,2010: To be deleted - Port for small or fishing boats,2004: New entry,North Sea,6730N 01200E,,,,,,,,,,,,
NO,NO00,NORFJ,Reinfjord,,,,,,,,2019: New entry as minor port,,,,,,,,North Sea,21.59557,70.10319,,,,,,,,,,,
NO,NO00,NOROV,Rovde,,,,,,,,2019: New entry as minor port,,,,,,,,North Sea,5.74728,62.18061,,,,,,,,,,,
NO,NO00,NORTL,Rutledal,,,,,,,,2019: New entry as minor port,,,,,,,,North Sea,5.22002,61.07268,,,,,,,,,,,
NO,NO00,NORUN,Runde,,,,,,,,2019: New entry as minor port,,,,,,,,North Sea,5.66132,62.39801,,,,,,,,,,,
NO,NO00,NOSAA,Skaland,,,,,,,,,,,2015: New entry - Currently not surveyed - Minor port,,,,,North Sea,6926N 01719E,,,,,,,,,,,,
NO,NO00,NOSBU,Salsbruket,,,,,,,,,,,2015: New entry - Currently not surveyed - Minor port,,,,,North Sea,,6448N 01152E,,,,,,,,,,,
NO,NO00,NOSHT,Stanghelle,,,,,,,,2019: New entry as minor port,,,,,,,,North Sea,5.72997,60.54761,,,,,,,,,,,
NO,NO00,NOSIP,Skipavik-Gulen,,,,,,,,2019: New entry as minor port,,,,,,,,North Sea,5.03361,60.85248,,,,,,,,,,,
NO,NO00,NOSJH,Senjehopen,,,,,,,,,,,2015: New entry - Currently not surveyed - Minor port,,,,,North Sea,,6930N 01729E,,,,,,,,,,,
NO,NO00,NOSJO,Sjoholt,Sjøholt,,,,,,,,,,2015: New entry - Currently not surveyed - Minor port,,,,,North Sea,6228N 00648E,,,,,,,,,,,,
NO,NO00,NOSKL,Skanland,Skånland,,,,,,,,,,2015: Moved from List 1 - Currently not surveyed - Minor port,,,2010: To be deleted - Port for small or fishing boats,2004: New entry,North Sea,,,,,,,,,,,,,
NO,NO00,NOSKV,Skalevik,Skålevik,,,,,,,,,,2015: New entry - Currently not surveyed - Minor port,,,,,North Sea,,6023N 00514E,,,,,,,,,,,
NO,NO00,NOSKZ,Skarsvag,Skarsvåg,NOHVG,,,,,,2019: New entry as minor port (Moved from List 1),,,2015: New entry as non-statistical port,,2011: Re-introduced as non-statistical port (Ex NO151),,,North Sea,6342N 01109E,,,,,,,,,,,,
NO,NO00,NOSLD,Solund,,,,,,,,,,,2015: Moved from List 1 - Currently not surveyed - Minor port,,,2010: To be deleted - Port for small or fishing boats,2004: New entry,North Sea,,,,,,,,,,,,,
NO,NO00,NOSLH,Salthella,,NOASV,,,,,,2019: New entry as minor port (Moved from List 1),,,2015: New entry as non-statistical port,,,,,North Sea,6000N 00507E,,,,,,,,,,,,
NO,NO00,NOSLN,Skjolden,,NOLUS,,,,,,2019: New entry as minor port (Moved from List 1),,,2015: New entry as non-statistical port,,,,,North Sea,6129N 00735E,,,,,,,,,,,,
NO,NO00,NOSLV,Slovag,Sløvåg,NOGUL,,,,,,2019: New entry as minor port (Moved from List 1),,,2015: New entry as non-statistical port,,,,,North Sea,6051N 00504E,,,,,,,,,,,,
NO,NO00,NOSOJ,Sorkjosen,Sørkjosen,,,,,,,,,,2015: New entry - Currently not surveyed - Minor port,,,,,North Sea,,6948N 02056E,62.50336075,,,,,,,,,,
NO,NO00,NOSOR,Sorarnoy,Sørarnøy,,,,,,,2019: New entry as minor port,,,,,,,,North Sea,13.978617,67.136483,,,,,,,,,,,
NO,NO00,NOSRM,Straumsnes,,NOBOX,,,,,,2019: New entry as minor port (Moved from List 1),,,2015: New entry as non-statistical port,,,,,North Sea,6839N 01438E,,,,,,,,,,,,
NO,NO00,NOSTB,Storebo,Storebø,NOASV,,,,,,2019: New entry as minor port (Moved from List 1) + change of port name (previously Storabo),,,2015: New entry as non-statistical port,,,,,North Sea,6006N 00513E,,,,,,,,,,,,
NO,NO00,NOSTI,Steinvig,,,,,,,,2019: New entry as minor port,,,,,,,,North Sea,6.00589,58.95867,,,,,,,,,,,
NO,NO00,NOSTO,Stokkvaagan,,,,,,,,,,,2015: New entry - Currently not surveyed - Minor port,,,,,North Sea,,6620N 01300E,,,,,,,,,,,
NO,NO00,NOSTY,Stjernoya,Stjernøya,NOALF,,,,,,2019: New entry as minor port (Moved from List 1),,,2015:Re-introduced as non-statistical port,,"2011: No data received since 2003, probably inactive; Ex NO413",,2000: Deleted ,North Sea,7018N 02243E,,,,,,,,,,,,
NO,NO00,NOSVI,Ornes,Ørnes,NO88K,,,,,,2019: New entry as minor port (Moved from List 1),,2017: Previously Ref stat port NO888,,,2011: Re-introduced as non statistical port (previously re-grouped with Meloy under code NOMEY),,,North Sea,,,,,,,,,,,,,
NO,NO00,NOSVR,Sorvaer,Sørvær,,,,,,,,,,2015: New entry - Currently not surveyed - Minor port,,,,,North Sea,,7038N 02159E,,,,,,,,,,,
NO,NO00,NOSVT,Stavneset - Rissa,,,,,,,,2019: New entry as minor port,,,,,,,,North Sea,9.95293,63.69751,,,,,,,,,,,
NO,NO00,NOTAV,Torangsvag,Torangsvåg,NOASV,,,,,,2019: New entry as minor port (Moved from List 1),,,2015: New entry as non-statistical port,,,,,North Sea,6007N 00510E,,,,,,,,,,,,
NO,NO00,NOTJR,Tjorvag,Tjørvåg,,,,,,,,,,2015: New entry - Currently not surveyed - Minor port,,,,,North Sea,6217N 00543E,,,,,,,,,,,,
NO,NO00,NOTNN,Tonnes,,,,,,,,2019: New entry as minor port,,,,,,,,North Sea,13.00611667,66.51085167,,,,,,,,,,,
NO,NO00,NOTOV,Tovik,,,,,,,,2019: New entry as minor port,,,,,,,,North Sea,16.87125,68.68082,,,,,,,,,,,
NO,NO00,NOTSX,Tyssedal,,,,,,,,,,,2015: New entry - Currently not surveyed - Minor port,,,,,North Sea,060700N_0063335E,,59.11728287,,,,,,,,,,
NO,NO00,NOTVE,Tvedestrand,,,,,,,,,,,2015: Moved from List 1 - Currently not surveyed - Minor port,,,2010: To be deleted - Port for small or fishing boats,2004: New entry,North Sea,5838N 00856E,8.930465698,,,,,,,,,,,
NO,NO00,NOTVI,Torvika,,,,,,,,2019: New entry as minor port,,,,,,,,North Sea,5.72899,62.337933,,,,,,,,,,,
NO,NO00,NOTYT,Tytebarvika,,,,,,,,2019: New entry as minor port,,,,,,,,North Sea,19.9608,69.59855,,,,,,,,,,,
NO,NO00,NOULL,Ullensvang,,,,,,,,,,,2015: Moved from List 1 - Currently not surveyed - Minor port,,,2010: To be deleted - Port for small or fishing boats,2004: New entry,North Sea,,,,,,,,,,,,,
NO,NO00,NOULS,Ulstein,,,,,,,,,,,2015: Moved from List 1 - Currently not surveyed - Minor port,,,2010: To be deleted - Port for small or fishing boats,2004: New entry,North Sea,6221N 00551E,,,,,,,,,,,,
NO,NO00,NOUTN,Utne,,,,,,,,,,,2015: New entry - Currently not surveyed - Minor port,,,,,North Sea,,6025N 00636E,58.62283325,,,,,,,,,,
NO,NO00,NOUTS,Utsira,,,,,,,,,,,2015: New entry - Currently not surveyed - Minor port,,,,,North Sea,5918N 00453E,4.88472,,,,,,,,,,,
NO,NO00,NOUVK,Ulvik,,,,,,,,,,,2015: Moved from List 1 - Currently not surveyed - Minor port,,,2010: To be deleted - Port for small or fishing boats,2004: New entry,North Sea,6034N 00655E,6.91896,59.31197,,,,,,,,,,
NO,NO00,NOVAE,Valsneset,,,,,,,,2019: New entry as minor port,,,,,,,,North Sea,9.63527,63.81681,,,,,,,,,,,
NO,NO00,NOVHM,Vadheim,,NOHYR,,,,,,2019: New entry as minor port (Moved from List 1),,,2015: New entry as non-statistical port,,,,,North Sea,6112N 00548E,,,,,,,,,,,,
NO,NO00,NOVLL,Voll,,,,,,,,,,,2015: New entry - Currently not surveyed - Minor port,,,,,North Sea,,6812N 01341E,,,,,,,,,,,
NO,NO00,NOVSN,Visnes - Eide,,,,,,,,2019: New entry as minor port,,,2015: New entry as non-statistical port,,,,,North Sea,6300N 00717E,,,,,,,,,,,,
NO,NO00,NOVTL,Vartdal Sore,Vartdal Søre,NOORS,,,,,,2019: New entry as minor port (Moved from List 1),,,2015: New entry as non-statistical port,,,,,North Sea,6218N 00604E,,,,,,,,,,,,
NO,NO00,SJNYA,Ny-Alesund,,SJLYR,,,,,,2019: New entry as minor port (Moved from List 1),,,2015: Change of ref stat port (previously SJ888),,,2010: New entry as non-statistical port,,North Sea,7856N 01157E,,,,,,,,,,,,
,,,,,,,,,,,,,,,,,,,,,,,,,,,,,,,,
,,,,,,,,,,,,,,,,,,,,,,,,,,,,North Sea,4.0,,,7856N 01157E
